Country,Year,Status,Adult_Mortality,infant_deaths,Alcohol,percentage_expenditure,Hepatitis_B,Measles,BMI,under-five_deaths,Polio,Total_expenditure,Diphtheria,HIV/AIDS,GDP,Population,thinness__1-19_years,thinness_5-9_years,Income_composition_of_resources,Schooling
Central African Republic,2012,Developing,439.0,16,0.01,7.344808214,47.0,141,21.2,23,47.0,3.62,47.0,5.1,486.41114,449416.0,8.7,8.6,0.366,7.1
Mauritania,2015,Developing,25.0,8,,0.0,73.0,1,3.8,12,67.0,,73.0,0.9,1158.256469,4182341.0,7.8,7.5,0.513,8.5
Italy,2007,Developed,63.0,2,8.37,5228.821581,97.0,321,59.4,2,97.0,8.48,97.0,0.1,37698.78573,5843831.0,0.5,0.5,0.862,16.1
Micronesia (Federated States of),2009,Developing,172.0,0,2.06,0.0,89.0,0,65.8,0,81.0,13.44,91.0,0.1,,,0.2,0.2,0.629,11.4
Luxembourg,2006,Developed,85.0,0,11.98,15345.4907,95.0,8,57.5,0,99.0,7.75,99.0,0.1,89739.7117,472637.0,0.9,0.9,0.88,13.5
Grenada,2005,Developing,169.0,0,8.8,119.5548694,99.0,0,4.5,0,99.0,5.5,99.0,0.1,6754.512393,,3.9,4.0,0.0,14.9
Bangladesh,2004,Developing,158.0,185,0.01,4.11469667,11.0,9743,12.0,247,88.0,2.62,99.0,0.1,46.7579167,14137489.0,2.1,2.7,0.491,8.1
Kazakhstan,2013,Developing,28.0,5,6.48,26.4072659,99.0,73,51.4,6,98.0,4.3,98.0,0.1,1389.8561,1735275.0,2.4,2.5,0.782,15.0
Greece,2009,Developing,78.0,0,9.08,372.6854142,95.0,2,63.1,0,99.0,9.76,99.0,0.1,2971.973,111717.0,0.8,0.7,0.857,16.2
Saint Vincent and the Grenadines,2006,Developing,173.0,0,5.93,0.0,99.0,0,45.7,0,99.0,3.88,99.0,0.3,,,3.7,3.6,0.695,13.3
Poland,2012,Developed,125.0,2,10.81,230.040097,97.0,71,59.7,2,95.0,6.62,99.0,0.1,13145.1484,3863164.0,2.0,2.1,0.834,15.3
Papua New Guinea,2000,Developing,335.0,11,0.73,62.56273841,57.0,7135,37.5,14,51.0,3.98,59.0,1.1,631.9468526,5572222.0,1.6,1.5,0.418,6.2
Turkey,2008,Developing,121.0,25,1.39,22.67271848,92.0,0,6.2,29,96.0,6.7,96.0,0.1,185.68975,74432.0,5.0,4.8,0.705,12.5
Ghana,2011,Developing,263.0,40,1.64,225.2219474,91.0,120,26.1,58,91.0,4.81,91.0,1.3,1574.978653,25121796.0,6.9,6.8,0.554,10.9
Lebanon,2008,Developing,98.0,1,1.67,69.13924862,81.0,24,62.5,1,75.0,8.7,81.0,0.1,712.775759,411147.0,4.7,4.7,0.74,13.1
Congo,2012,Developing,273.0,7,0.01,0.0,62.0,260,25.6,10,61.0,3.98,85.0,3.3,,,7.9,7.5,0.557,10.2
Costa Rica,2001,Developing,1.0,1,4.29,868.3713593,8.0,0,46.4,1,92.0,7.25,91.0,0.1,3981.52847,3996798.0,2.3,2.2,0.708,11.7
Finland,2008,Developing,94.0,0,10.26,678.88112,,5,59.4,0,97.0,8.35,99.0,0.1,5341.31487,5313399.0,0.9,0.8,0.876,17.1
China,2009,Developing,93.0,248,4.88,50.28348923,99.0,52461,27.3,288,99.0,5.8,99.0,0.1,3838.434292,133126.0,4.4,3.8,0.682,12.2
Czechia,2002,Developed,12.0,0,13.47,0.0,86.0,4,59.9,0,97.0,6.8,98.0,0.1,,,2.2,2.3,,
United Republic of Tanzania,2015,Developing,279.0,85,,0.0,98.0,30,23.8,119,96.0,,98.0,1.4,,,6.7,6.5,,
Saint Lucia,2002,Developing,174.0,0,11.85,0.0,14.0,0,37.9,0,9.0,6.33,74.0,0.1,,,4.4,4.5,0.681,12.5
Guinea,2008,Developing,33.0,30,0.21,19.68510257,57.0,89,19.8,47,59.0,3.21,6.0,2.3,437.4467238,1323142.0,8.6,8.6,0.371,7.9
Jordan,2006,Developing,121.0,4,0.59,313.3626015,98.0,1,58.6,4,98.0,8.8,98.0,0.1,2537.349,5934232.0,3.9,3.8,0.733,13.7
Slovakia,2003,Developed,144.0,0,9.85,0.0,99.0,1,52.1,0,98.0,5.82,99.0,0.1,,,1.5,1.6,0.771,13.6
Togo,2014,Developing,285.0,13,0.01,4.877350139,87.0,577,23.7,20,85.0,5.25,87.0,1.0,62.1318489,7228915.0,6.6,6.4,0.475,12.0
El Salvador,2001,Developing,219.0,4,2.88,332.1056586,75.0,2,46.2,4,94.0,8.2,92.0,0.4,2338.772244,595962.0,2.1,2.0,0.615,11.6
Afghanistan,2004,Developing,293.0,87,0.02,15.29606643,67.0,466,13.8,120,5.0,8.79,5.0,0.1,219.1413528,24118979.0,19.5,19.7,0.381,6.8
Guinea-Bissau,2000,Developing,3.0,5,2.84,6.699418747,,0,17.4,9,52.0,4.94,49.0,3.1,297.7519443,1243229.0,1.2,1.2,0.0,6.4
Syrian Arab Republic,2003,Developing,134.0,9,1.29,94.75639211,81.0,801,46.0,11,85.0,5.12,83.0,0.1,1253.39143,17415266.0,6.6,6.4,0.599,10.3
Djibouti,2012,Developing,263.0,1,0.52,217.2125786,81.0,709,33.2,2,81.0,8.95,81.0,1.9,1536.15685,881185.0,5.6,5.5,0.46,6.3
Haiti,2011,Developing,259.0,15,5.68,4.106484317,,0,45.3,20,67.0,1.41,68.0,1.5,74.9358452,114554.0,4.0,4.0,0.47,8.7
Viet Nam,2009,Developing,134.0,29,3.86,0.0,94.0,6582,13.4,35,97.0,6.4,96.0,0.1,,,14.6,15.5,0.641,11.7
Qatar,2003,Developing,85.0,0,1.0,4049.972347,93.0,24,64.7,0,93.0,4.14,92.0,0.1,34176.98183,,4.8,4.5,0.815,12.8
Viet Nam,2007,Developing,136.0,28,3.01,0.0,67.0,17,12.3,35,92.0,6.9,92.0,0.2,,,14.9,15.8,0.625,11.4
Namibia,2012,Developing,232.0,3,0.01,796.8734263,84.0,86,33.3,4,84.0,8.24,84.0,3.7,5749.44752,2263934.0,9.5,9.4,0.619,11.5
Benin,2007,Developing,283.0,25,1.12,7.49281752,82.0,341,21.5,39,82.0,4.55,82.0,2.0,76.535419,8454791.0,8.3,8.2,0.438,8.9
New Zealand,2010,Developed,71.0,0,9.62,6664.148708,9.0,43,64.8,0,93.0,11.2,93.0,0.1,33691.34837,,0.3,0.3,0.899,20.3
Uzbekistan,2005,Developing,192.0,24,1.78,40.13342094,99.0,737,37.5,28,99.0,5.11,99.0,0.3,546.776852,26167.0,3.2,3.2,0.62,11.7
United Kingdom of Great Britain and Northern Ireland,2008,Developed,8.0,4,11.47,0.0,,1445,62.5,4,92.0,8.85,92.0,0.1,,,0.8,0.5,,
Bahrain,2001,Developing,9.0,0,1.95,1150.418063,99.0,5,54.8,0,99.0,3.8,99.0,0.1,12868.211,,6.2,6.0,0.794,13.3
Papua New Guinea,2008,Developing,29.0,11,0.81,103.7277727,59.0,0,43.4,14,76.0,4.6,63.0,1.3,1178.72469,6787187.0,1.4,1.3,0.469,8.9
Viet Nam,2003,Developing,137.0,30,2.19,0.0,78.0,2297,1.4,37,96.0,4.84,99.0,0.2,,,15.6,16.2,0.592,10.9
Solomon Islands,2015,Developing,177.0,0,,0.0,98.0,0,5.5,0,99.0,,98.0,0.1,1922.41388,587482.0,1.1,1.2,0.514,9.6
South Africa,2009,Developing,449.0,46,7.6,782.5987144,74.0,5857,46.4,70,75.0,8.39,76.0,19.0,5888.6284,5255813.11,8.1,9.8,0.622,12.8
Guyana,2012,Developing,22.0,0,7.57,497.4719464,97.0,0,44.1,1,97.0,6.57,97.0,0.3,3785.935665,75391.0,5.6,5.3,0.63,10.6
Chad,2003,Developing,43.0,44,0.42,3.979243535,,15801,14.8,77,36.0,5.49,23.0,5.1,292.5914364,935321.0,1.9,1.8,0.284,5.4
Lao People's Democratic Republic,2003,Developing,259.0,12,3.41,0.0,5.0,1810,13.8,17,52.0,4.91,49.0,0.1,,,1.2,1.3,0.477,8.3
China,2012,Developing,89.0,201,5.74,94.4344566,99.0,6183,3.0,233,99.0,5.26,99.0,0.1,6337.882993,135695.0,3.9,3.3,0.703,12.4
Czechia,2015,Developed,86.0,0,,0.0,97.0,9,66.1,0,97.0,,97.0,0.1,,,1.8,1.8,,
India,2004,Developing,214.0,1600,1.2,27.33800857,6.0,55443,13.0,2100,58.0,4.22,63.0,0.3,621.3183767,1126135777.0,27.2,28.2,0.518,9.2
Georgia,2011,Developing,127.0,1,8.14,198.94876,89.0,64,52.8,1,88.0,9.38,94.0,0.1,3725.63221,3875.0,2.6,2.8,0.742,13.3
Malta,2013,Developed,57.0,0,8.58,374.2947283,94.0,0,68.8,0,99.0,9.89,99.0,0.1,2393.1888,423374.0,0.8,0.7,0.828,14.2
Armenia,2008,Developing,14.0,1,3.96,2.8888979,89.0,0,5.1,1,91.0,3.8,89.0,0.1,41.26997,29822.0,2.0,2.1,0.721,12.3
Montenegro,2003,Developing,134.0,0,0.01,495.0782963,,0,54.2,0,,8.91,,0.1,2789.1735,612267.0,2.4,2.4,0.0,0.0
Colombia,2007,Developing,144.0,14,4.66,780.5946749,93.0,0,52.0,17,93.0,6.25,93.0,0.1,4674.21961,44374572.0,2.3,2.1,0.675,11.9
Bulgaria,2011,Developed,144.0,1,10.67,875.1495189,96.0,157,63.3,1,95.0,6.88,95.0,0.1,7813.83499,7348328.0,2.0,2.0,0.775,14.2
Fiji,2005,Developing,214.0,0,2.02,64.39203443,99.0,0,55.1,0,97.0,3.61,96.0,0.1,3658.63832,821817.0,4.1,3.8,0.699,13.9
Morocco,2002,Developing,15.0,25,0.46,66.72933871,92.0,6000,46.5,29,94.0,5.31,94.0,0.1,1413.757176,29512368.0,6.6,6.5,0.54,8.8
Peru,2015,Developing,123.0,8,,0.0,9.0,4,55.6,10,88.0,,9.0,0.1,63.343259,31376671.0,1.1,1.1,0.737,13.4
Micronesia (Federated States of),2012,Developing,168.0,0,2.98,0.0,82.0,0,67.5,0,81.0,12.77,81.0,0.1,,,0.2,0.2,0.64,11.7
Afghanistan,2008,Developing,287.0,80,0.03,25.87392536,64.0,1599,15.7,110,64.0,8.33,64.0,0.1,373.3611163,2729431.0,18.8,18.9,0.433,8.7
Iran (Islamic Republic of),2001,Developing,146.0,33,0.01,0.0,94.0,9582,45.5,40,95.0,5.2,96.0,0.1,,,7.7,7.8,0.666,11.6
Djibouti,2002,Developing,322.0,2,1.03,13.46662004,,50,29.0,2,62.0,5.45,62.0,4.3,792.15412,746221.0,6.2,6.0,0.372,3.3
Eritrea,2014,Developing,261.0,5,0.01,0.0,94.0,127,18.0,8,94.0,3.34,94.0,0.4,,,8.5,8.3,0.416,5.0
Eritrea,2013,Developing,266.0,6,0.01,0.0,94.0,45,17.5,8,94.0,3.1,94.0,0.5,,,8.6,8.4,0.414,5.0
Haiti,2005,Developing,29.0,17,5.57,38.10904264,,0,38.5,24,6.0,4.41,6.0,3.9,465.311876,926344.0,4.4,4.4,0.452,8.2
Philippines,2014,Developing,214.0,54,4.52,31.27232188,67.0,58848,24.8,68,77.0,4.71,67.0,0.1,2842.938353,112249.0,1.0,9.7,0.676,11.7
Azerbaijan,2009,Developing,132.0,6,2.1,22.48638351,74.0,0,47.3,6,84.0,5.85,81.0,0.1,495.294791,8947243.0,2.8,2.9,0.728,11.6
Uganda,2006,Developing,41.0,93,9.81,50.83901418,64.0,5736,14.8,145,62.0,9.86,64.0,8.6,336.4593923,2955662.0,6.4,6.4,0.434,10.6
CÃ´te d'Ivoire,2001,Developing,467.0,65,3.15,0.0,1.0,5790,19.9,94,7.0,4.85,66.0,7.0,,,7.9,7.9,,
Zambia,2004,Developing,578.0,36,2.46,8.369851529,,35,18.0,59,84.0,7.33,83.0,17.6,53.2772217,11731746.0,7.2,7.1,0.456,10.5
India,2001,Developing,222.0,1800,1.0,19.00340606,,51780,11.8,2400,58.0,4.5,59.0,0.3,447.138966,171477855.0,27.5,28.5,0.494,8.3
Afghanistan,2010,Developing,279.0,74,0.01,79.67936736,66.0,1989,16.7,102,66.0,9.2,66.0,0.1,553.32894,2883167.0,18.4,18.4,0.448,9.2
Austria,2001,Developed,92.0,0,12.4,3582.848308,44.0,0,5.6,0,83.0,1.12,84.0,0.1,24489.73553,842293.0,1.7,1.9,0.837,15.5
South Sudan,2012,Developing,347.0,26,,38.3382324,,1952,,40,64.0,2.77,59.0,3.8,958.45581,1818258.0,,,0.419,4.9
Vanuatu,2000,Developing,18.0,0,1.21,21.90075232,7.0,9,41.1,0,67.0,3.28,71.0,0.1,1469.849149,18563.0,1.7,1.7,0.0,9.6
Oman,2014,Developing,11.0,1,0.4,166.1913728,99.0,0,53.5,1,99.0,3.55,99.0,0.1,2458.45226,,7.1,6.9,0.796,13.7
Saint Vincent and the Grenadines,2009,Developing,165.0,0,6.85,0.0,99.0,0,48.4,0,99.0,5.13,99.0,0.2,,,3.6,3.5,0.709,13.3
China,2006,Developing,98.0,307,3.28,29.74342979,91.0,99602,24.9,360,94.0,4.52,93.0,0.1,299.229676,13112.0,4.8,4.3,0.646,11.0
Jamaica,2012,Developing,138.0,1,3.65,37.17108782,96.0,0,52.0,1,96.0,5.66,96.0,0.5,521.33363,284992.0,1.8,1.7,0.725,12.8
Tajikistan,2011,Developing,166.0,10,0.32,51.9919227,96.0,1,37.4,12,97.0,5.98,96.0,0.2,834.5412953,7815949.0,3.7,3.7,0.608,11.1
Hungary,2010,Developed,156.0,0,10.78,19.22023996,,0,61.7,1,99.0,7.85,99.0,0.1,1325.53379,123.0,1.8,1.8,0.817,15.3
Austria,2013,Developed,68.0,0,11.82,90.58501176,95.0,0,56.6,0,95.0,11.14,95.0,0.1,554.71532,8479375.0,1.8,2.0,0.887,15.7
Iran (Islamic Republic of),2004,Developing,139.0,28,0.01,0.0,95.0,3,47.6,33,98.0,5.89,99.0,0.1,,,7.4,7.7,0.686,11.8
Afghanistan,2003,Developing,295.0,87,0.01,11.08905273,65.0,798,13.4,122,41.0,8.82,41.0,0.1,198.7285436,2364851.0,19.7,19.9,0.373,6.5
Tonga,2015,Developing,133.0,0,,0.0,78.0,0,75.2,0,8.0,,78.0,0.1,493.775387,16364.0,0.1,0.1,0.718,14.3
Viet Nam,2005,Developing,136.0,29,2.7,0.0,94.0,410,11.3,36,94.0,5.38,95.0,0.2,,,15.3,16.0,0.609,11.1
Bahrain,2003,Developing,85.0,0,2.16,1214.558167,98.0,12,55.2,0,97.0,3.74,97.0,0.1,14221.99259,,6.1,5.9,0.798,13.7
Latvia,2004,Developed,26.0,0,8.81,80.0328375,98.0,0,56.6,0,99.0,6.51,99.0,0.1,6351.8125,2263122.0,2.5,2.6,0.776,15.5
Rwanda,2006,Developing,328.0,22,6.88,78.47020226,99.0,494,15.9,34,99.0,1.2,99.0,6.2,342.3656294,92658.0,6.8,6.8,0.404,9.3
Cabo Verde,2001,Developing,152.0,0,3.81,150.7434862,,0,22.1,0,91.0,5.19,9.0,0.8,1268.884564,443716.0,9.4,9.3,0.562,11.0
Lebanon,2010,Developing,94.0,1,1.58,805.3956346,81.0,12,63.5,1,75.0,7.19,81.0,0.1,8763.826274,4337141.0,4.7,4.7,0.752,13.3
Pakistan,2011,Developing,167.0,371,0.04,57.87736282,74.0,4386,22.5,459,75.0,3.1,74.0,0.1,1226.215314,174184265.0,2.0,2.4,0.525,7.5
Morocco,2001,Developing,155.0,26,0.46,71.11645,84.0,2724,45.7,30,93.0,4.44,96.0,0.1,1336.775376,29181832.0,6.7,6.5,0.53,8.5
Swaziland,2008,Developing,477.0,3,4.87,413.0063027,9.0,1,28.9,4,89.0,8.19,88.0,40.2,2842.438422,1158897.0,6.1,6.3,0.514,10.6
Namibia,2014,Developing,242.0,2,0.01,751.3982719,88.0,477,34.9,3,88.0,8.93,88.0,2.2,5421.343953,237992.0,8.6,8.5,0.632,11.7
Sudan,2009,Developing,248.0,63,1.99,17.0536929,72.0,68,,94,81.0,8.4,81.0,0.3,1226.884381,3365619.0,,,0.456,6.8
Australia,2014,Developed,6.0,1,9.71,10769.36305,91.0,340,66.1,1,92.0,9.42,92.0,0.1,62214.6912,2346694.0,0.6,0.6,0.936,20.4
Poland,2003,Developed,142.0,3,9.06,542.0235,97.0,48,54.5,3,98.0,6.22,99.0,0.1,5693.52416,382457.0,2.4,2.6,0.796,15.3
Qatar,2008,Developing,82.0,0,1.37,5484.143308,97.0,0,65.2,0,98.0,1.87,97.0,0.1,82967.37228,,5.0,4.5,0.825,11.7
Nepal,2006,Developing,21.0,31,0.2,45.87989927,69.0,2838,14.4,41,91.0,5.7,89.0,0.2,348.6314534,2594618.0,17.4,18.0,0.476,9.6
Cameroon,2013,Developing,364.0,48,0.01,63.07890158,89.0,760,27.8,73,88.0,4.29,89.0,4.0,1365.34419,21655715.0,5.8,5.8,0.501,10.4
Bahamas,2002,Developing,19.0,0,10.85,0.0,89.0,0,56.0,0,93.0,5.26,94.0,0.1,,,2.6,2.6,0.781,12.1
Philippines,2015,Developing,211.0,52,,0.0,6.0,619,25.4,66,79.0,,6.0,0.1,2878.33837,11716359.0,1.0,9.7,0.679,11.7
Viet Nam,2010,Developing,133.0,29,3.93,0.0,88.0,2809,14.0,35,94.0,6.36,93.0,0.1,,,14.5,15.4,0.647,11.9
Netherlands,2008,Developed,68.0,1,9.62,10873.40554,,109,57.9,1,97.0,9.57,97.0,0.1,56928.8248,16445593.0,1.0,0.9,0.905,16.8
Barbados,2001,Developing,125.0,0,7.38,138.1664627,18.0,0,43.8,0,93.0,5.47,84.0,0.7,11513.87189,,4.2,4.2,0.75,14.0
Albania,2007,Developing,9.0,1,5.58,32.24655228,98.0,22,51.7,1,99.0,6.1,98.0,0.1,363.13685,29717.0,1.6,1.7,0.703,11.6
Botswana,2008,Developing,427.0,2,6.56,476.8625872,94.0,0,34.2,3,96.0,5.55,96.0,12.7,5623.379566,1946351.0,8.8,8.6,0.646,12.1
Namibia,2008,Developing,317.0,3,6.28,59.55033546,,0,3.2,4,83.0,7.15,83.0,11.7,429.6561,216375.0,11.5,11.4,0.589,11.3
Estonia,2001,Developing,225.0,0,0.01,88.62945822,,0,54.3,0,94.0,4.85,94.0,0.1,4498.95727,1388115.0,2.4,2.5,0.781,15.0
Brazil,2014,Developing,144.0,44,7.32,83.16465362,96.0,876,55.3,49,96.0,8.32,93.0,0.1,1226.61731,24213133.0,2.7,2.7,0.747,15.2
Kyrgyzstan,2004,Developing,218.0,4,3.41,0.0,99.0,8,37.5,4,98.0,5.57,99.0,0.1,,,3.4,3.4,0.609,12.5
Nepal,2002,Developing,238.0,40,0.19,23.18394594,,6749,12.4,54,72.0,5.6,72.0,0.1,246.375621,24566342.0,18.2,18.8,0.447,8.6
Benin,2000,Developing,279.0,25,1.34,37.38182018,,4244,18.4,40,78.0,4.34,78.0,2.0,374.1923942,6865951.0,9.7,9.6,0.389,6.4
Albania,2014,Developing,8.0,0,4.51,428.7490668,98.0,0,57.2,1,98.0,5.88,98.0,0.1,4575.763787,288914.0,1.2,1.3,0.761,14.2
The former Yugoslav republic of Macedonia,2004,Developing,12.0,0,2.07,0.0,,9,54.5,0,95.0,8.64,94.0,0.1,,,2.6,2.6,0.0,11.9
Central African Republic,2010,Developing,446.0,17,1.67,43.48359197,45.0,2,2.2,24,46.0,3.9,45.0,6.6,446.4434494,4448525.0,9.0,8.9,0.352,6.6
Rwanda,2010,Developing,26.0,16,7.92,63.78723633,97.0,121,18.3,23,93.0,7.91,97.0,2.3,563.491487,1246842.0,6.5,6.3,0.454,10.0
Samoa,2000,Developing,18.0,0,3.0,21.2543002,89.0,0,65.6,0,94.0,5.31,95.0,0.1,154.68923,17461.0,0.2,0.2,0.64,12.1
United States of America,2004,Developed,111.0,28,8.48,0.0,92.0,37,63.1,33,92.0,15.14,96.0,0.1,,,0.7,0.6,,
El Salvador,2014,Developing,181.0,2,2.52,665.7260253,93.0,0,55.4,2,93.0,6.77,94.0,0.2,3988.771871,6281189.0,1.6,1.6,0.676,13.2
Ghana,2013,Developing,254.0,38,0.01,28.66897829,9.0,319,27.3,55,91.0,4.63,9.0,0.9,1814.492297,26346251.0,6.6,6.4,0.57,11.5
United Arab Emirates,2007,Developing,87.0,1,1.69,3759.457226,92.0,0,55.1,1,94.0,2.57,92.0,0.1,42672.61323,,5.1,4.9,0.826,12.9
Thailand,2012,Developing,154.0,9,6.56,801.0504655,98.0,5197,3.1,11,99.0,4.17,99.0,0.1,5859.915622,67843979.0,8.0,8.1,0.729,13.7
Swaziland,2003,Developing,6.0,3,5.65,2.819124474,9.0,350,27.1,4,87.0,5.71,85.0,50.6,22.99449,187392.0,8.2,8.4,0.493,9.1
Panama,2015,Developing,118.0,1,,0.0,73.0,0,57.8,1,72.0,,73.0,0.1,13134.4367,3969249.0,1.9,1.8,0.785,13.0
Equatorial Guinea,2002,Developing,334.0,3,6.01,234.7874207,,24,19.1,4,44.0,2.5,36.0,2.9,2711.17114,66647.0,1.4,1.3,0.542,8.2
Dominican Republic,2000,Developing,176.0,7,6.58,44.79247812,68.0,253,43.1,9,71.0,5.9,78.0,2.5,282.4242,8562622.0,3.8,3.7,0.651,12.2
Guinea-Bissau,2006,Developing,36.0,5,3.22,21.53374936,,0,2.7,8,74.0,5.87,71.0,5.6,418.94454,1412669.0,8.9,8.8,0.388,8.3
Cameroon,2004,Developing,412.0,59,4.71,7.177302132,,358,22.8,94,72.0,4.73,73.0,7.5,93.211716,1695981.0,7.0,7.1,0.455,8.2
Angola,2012,Developing,358.0,72,8.24,256.1225243,75.0,4458,21.5,110,75.0,3.3,75.0,2.6,4598.249988,259615.0,8.8,8.6,0.508,10.3
Jamaica,2000,Developing,171.0,1,3.46,24.82762854,,0,41.6,1,95.0,5.81,93.0,2.2,336.8742,2656864.0,2.0,1.9,0.682,11.4
Mauritania,2002,Developing,228.0,7,0.02,4.113190741,,883,22.3,12,91.0,5.31,89.0,1.2,46.9542322,2873228.0,1.5,1.3,0.446,6.5
Bhutan,2014,Developing,216.0,0,0.01,209.3921344,99.0,0,23.6,1,98.0,3.57,99.0,0.5,2522.7968,776448.0,15.7,16.2,0.596,12.5
Malawi,2006,Developing,587.0,38,1.18,6.847033785,99.0,1,16.2,61,99.0,8.99,99.0,21.1,297.6971211,13429262.0,7.3,7.1,0.377,9.6
Timor-Leste,2002,Developing,261.0,3,0.48,5.649123424,,0,12.6,4,38.0,3.89,54.0,0.1,48.61552,923825.0,12.1,12.1,0.475,9.8
Bolivia (Plurinational State of),2001,Developing,238.0,14,2.2,0.0,77.0,0,43.3,19,71.0,6.31,71.0,0.1,,,1.5,1.4,0.607,13.7
Slovakia,2007,Developed,14.0,0,10.58,0.0,99.0,0,54.2,0,99.0,7.76,99.0,0.1,,,1.3,1.4,0.802,14.5
Netherlands,2006,Developed,71.0,1,9.79,8344.010392,,1,56.5,1,96.0,9.36,96.0,0.1,44453.97119,1634611.0,1.0,1.0,0.893,16.5
Guyana,2004,Developing,237.0,1,7.84,1.776181042,91.0,0,38.4,1,91.0,5.73,91.0,1.9,145.58861,751652.0,5.8,5.6,0.613,11.2
Benin,2009,Developing,259.0,25,1.16,71.01399249,79.0,1461,22.5,39,8.0,4.46,79.0,1.6,793.45243,894476.0,7.9,7.8,0.448,9.3
Senegal,2009,Developing,219.0,21,0.3,1.177477677,86.0,999,21.2,33,83.0,4.81,86.0,0.5,12.566464,1255917.0,1.6,1.5,0.444,7.5
Turkmenistan,2009,Developing,215.0,6,2.35,37.88466056,97.0,0,43.4,8,97.0,1.88,96.0,0.1,436.459223,5795.0,3.2,3.3,0.0,10.5
Singapore,2005,Developed,69.0,0,1.49,2356.731479,96.0,33,3.2,0,96.0,3.74,96.0,0.1,29869.85398,,2.1,2.0,0.821,12.6
Slovakia,2006,Developed,138.0,0,10.28,0.0,99.0,0,53.7,0,99.0,7.35,99.0,0.1,,,1.4,1.5,0.793,14.3
Cuba,2011,Developing,92.0,1,4.14,102.0645784,96.0,0,58.4,1,99.0,1.6,97.0,0.1,675.92436,,3.4,3.2,0.78,16.5
Senegal,2003,Developing,251.0,25,0.33,62.21977893,,1519,18.7,44,73.0,5.4,73.0,0.7,642.7663113,16799.0,11.8,11.7,0.401,5.9
Azerbaijan,2000,Developing,16.0,9,0.65,35.09462644,,210,42.1,11,75.0,4.67,76.0,0.1,655.974326,8486.0,3.2,3.1,0.636,10.1
Bolivia (Plurinational State of),2012,Developing,194.0,8,3.89,0.0,93.0,0,5.6,11,93.0,5.56,93.0,0.1,,,1.2,1.1,0.655,13.8
Brazil,2011,Developing,152.0,51,7.58,1084.999766,98.0,43,52.8,57,98.0,8.9,99.0,0.1,13167.47289,198686688.0,2.9,2.8,0.724,14.0
Republic of Moldova,2009,Developing,218.0,1,8.45,0.0,89.0,0,49.9,1,87.0,12.49,85.0,0.1,,,2.9,3.1,,
Croatia,2002,Developed,124.0,0,13.39,11.63615139,,6,55.8,0,95.0,6.19,95.0,0.1,653.71637,444.0,2.0,2.0,0.759,12.6
Slovakia,2009,Developed,131.0,0,10.63,0.0,99.0,0,55.3,0,99.0,9.15,99.0,0.1,,,1.3,1.4,0.82,14.9
Czechia,2012,Developed,93.0,0,12.71,0.0,99.0,22,64.5,0,99.0,7.55,99.0,0.1,,,1.8,1.9,,
Equatorial Guinea,2005,Developing,337.0,3,7.19,12.0661671,,0,2.2,4,5.0,1.63,39.0,4.9,185.63334,757317.0,9.8,9.8,0.563,8.7
Comoros,2009,Developing,251.0,2,0.17,56.98952474,83.0,1,21.1,2,84.0,3.82,83.0,0.1,778.5454199,673252.0,7.2,7.0,0.465,10.3
Dominican Republic,2015,Developing,152.0,6,,0.0,81.0,0,58.9,7,87.0,,85.0,0.3,6468.471648,1528394.0,3.3,3.2,0.718,13.2
Guinea-Bissau,2008,Developing,297.0,5,2.64,28.30191127,,12,21.9,7,77.0,6.5,77.0,6.0,583.5445622,148841.0,8.5,8.4,0.398,8.8
Gambia,2007,Developing,288.0,3,2.64,0.0,97.0,0,22.2,6,94.0,5.76,95.0,3.1,,,8.8,8.7,0.42,8.4
Democratic Republic of the Congo,2009,Developing,292.0,238,2.13,0.0,72.0,57,18.6,323,78.0,5.61,72.0,1.7,,,1.6,1.4,,
United Arab Emirates,2006,Developing,89.0,1,1.74,3749.941617,92.0,0,55.8,1,94.0,2.33,92.0,0.1,42372.22166,,5.1,4.9,0.823,12.8
Israel,2009,Developing,63.0,1,2.55,508.6645438,98.0,5,62.6,1,96.0,7.46,96.0,0.1,27795.87671,74856.0,1.2,1.1,0.876,15.6
Bulgaria,2005,Developed,16.0,1,10.48,456.3404657,96.0,3,59.7,1,97.0,7.8,96.0,0.1,3893.68998,7658972.0,2.2,2.3,0.745,13.5
Poland,2013,Developed,12.0,2,11.63,23.43533487,96.0,84,6.4,2,95.0,6.4,99.0,0.1,1378.54911,384196.0,2.0,2.1,0.838,15.4
Malta,2005,Developed,67.0,0,6.41,2247.035692,85.0,6,65.0,0,94.0,8.83,92.0,0.1,15835.34667,43834.0,0.7,0.7,0.805,14.8
Republic of Korea,2012,Developing,69.0,1,9.56,0.0,99.0,2,3.4,2,99.0,7.1,99.0,0.1,,,1.5,1.0,,
Cyprus,2002,Developed,68.0,0,11.68,1128.050886,88.0,0,53.8,0,98.0,6.12,98.0,0.1,16372.29152,976966.0,0.9,1.0,0.805,12.5
Belarus,2002,Developing,262.0,1,12.23,145.4233629,99.0,14,55.3,1,99.0,6.47,99.0,0.1,1479.383142,9865548.0,2.5,2.7,0.687,13.6
Armenia,2002,Developing,134.0,1,2.86,57.17810403,91.0,40,47.8,1,96.0,5.4,94.0,0.1,783.261699,333897.0,2.1,2.1,0.645,10.8
Armenia,2011,Developing,128.0,1,4.09,260.9963826,95.0,0,51.9,1,96.0,3.71,95.0,0.1,3526.978143,2875581.0,2.0,2.1,0.729,12.7
France,2005,Developing,93.0,3,12.2,5451.701225,35.0,36,57.5,4,98.0,1.6,98.0,0.1,34879.72633,63179356.0,0.6,0.6,0.86,15.5
Saint Vincent and the Grenadines,2004,Developing,181.0,0,5.42,0.0,99.0,0,43.8,0,99.0,3.72,99.0,0.4,,,3.8,3.7,0.689,13.2
Argentina,2008,Developing,126.0,10,8.41,1413.73543,9.0,0,58.6,11,94.0,6.66,93.0,0.1,8953.359275,4382389.0,1.0,0.9,0.792,16.3
Jamaica,2004,Developing,165.0,1,3.67,192.3226305,98.0,0,45.4,1,97.0,4.8,98.0,2.3,3719.97351,2728777.0,1.9,1.8,0.689,11.1
Lithuania,2002,Developed,22.0,0,11.0,561.9168642,94.0,103,57.5,0,97.0,6.4,95.0,0.1,4146.987928,344367.0,3.3,3.3,0.77,15.3
Uzbekistan,2001,Developing,185.0,28,1.53,43.66385568,,22,35.3,34,99.0,5.28,99.0,0.2,456.734892,2496445.0,3.4,3.3,0.594,10.7
Kenya,2007,Developing,356.0,66,1.97,59.83361364,81.0,1516,17.3,100,76.0,4.8,81.0,9.1,839.181117,388599.0,8.4,8.3,0.494,10.1
Iran (Islamic Republic of),2005,Developing,139.0,27,0.01,0.0,94.0,7,48.5,32,95.0,6.6,95.0,0.1,,,7.4,7.7,0.687,11.4
Fiji,2004,Developing,218.0,0,1.63,43.99452464,99.0,37,54.2,0,96.0,3.61,95.0,0.1,3332.918533,818354.0,4.2,3.9,0.691,13.4
Chile,2007,Developing,9.0,2,7.39,209.4875875,92.0,0,58.7,2,95.0,6.35,96.0,0.1,1526.87746,16491687.0,0.9,0.9,0.797,14.8
Mozambique,2011,Developing,47.0,66,0.94,40.80617976,76.0,177,2.9,94,73.0,6.23,76.0,9.6,526.5313517,249395.0,3.7,3.6,0.397,9.5
Belize,2004,Developing,197.0,0,6.2,325.6807462,97.0,0,43.2,0,97.0,4.39,97.0,0.8,3831.53819,27689.0,3.6,3.5,0.691,12.5
Morocco,2014,Developing,96.0,18,0.43,198.7343495,99.0,10,57.5,21,99.0,5.91,99.0,0.1,3154.513484,3431882.0,6.4,6.2,0.64,12.1
Samoa,2006,Developing,153.0,0,3.52,40.22855669,35.0,0,7.3,0,37.0,4.68,39.0,0.1,287.963899,18194.0,0.2,0.2,0.677,12.7
Portugal,2009,Developed,9.0,0,12.03,337.1023516,96.0,3,57.3,0,96.0,1.42,96.0,0.1,2363.97161,1568247.0,0.7,0.5,0.809,16.0
Comoros,2001,Developing,272.0,1,0.08,19.71741043,,0,17.6,2,7.0,2.86,7.0,0.1,395.9319363,555888.0,7.8,7.8,0.0,8.5
Romania,2005,Developed,162.0,3,7.68,615.4030781,98.0,5043,53.9,4,97.0,5.47,97.0,0.1,4676.315183,21319685.0,3.3,3.8,0.745,13.4
Timor-Leste,2005,Developing,26.0,3,0.36,7.127144699,,203,13.5,3,55.0,1.5,55.0,0.1,478.331859,126484.0,12.0,11.9,0.492,10.6
Ethiopia,2009,Developing,274.0,169,1.17,53.77354001,56.0,1176,15.3,256,65.0,4.41,58.0,2.0,379.7566385,85416253.0,11.1,1.8,0.393,8.1
Suriname,2012,Developing,178.0,0,5.73,1168.324095,84.0,0,56.3,0,84.0,6.9,84.0,0.9,9272.413453,53777.0,3.5,3.4,0.708,12.7
Tajikistan,2000,Developing,198.0,14,0.37,8.943006492,,192,31.3,17,86.0,4.64,83.0,0.3,138.436633,621625.0,4.2,4.1,0.529,9.6
Ecuador,2003,Developing,151.0,8,3.69,18.26183281,82.0,0,45.8,10,97.0,6.46,87.0,0.3,244.46898,1328961.0,1.5,1.4,0.679,12.6
Suriname,2001,Developing,219.0,0,4.23,191.2135044,,0,48.3,0,65.0,8.38,68.0,1.8,1598.77512,47774.0,3.6,3.5,0.0,11.0
The former Yugoslav republic of Macedonia,2014,Developing,12.0,0,1.13,0.0,97.0,116,59.7,0,96.0,6.48,95.0,0.1,,,2.2,2.2,0.743,12.9
Japan,2010,Developed,62.0,3,6.9,863.0061491,,450,26.9,4,98.0,9.58,97.0,0.1,4457.67639,1287.0,1.9,1.6,0.879,15.1
United Arab Emirates,2010,Developing,82.0,1,1.69,308.0660742,94.0,87,55.8,1,94.0,3.93,94.0,0.1,3549.14832,,5.1,4.9,0.826,13.3
Zambia,2008,Developing,45.0,31,2.12,153.6783754,87.0,140,19.7,49,9.0,4.87,87.0,11.9,1369.68249,1382517.0,6.8,6.7,0.504,11.4
Mongolia,2006,Developing,271.0,2,2.91,122.1206485,98.0,26,43.0,2,98.0,4.68,99.0,0.1,1334.651896,255812.0,2.2,2.4,0.649,12.7
Iran (Islamic Republic of),2011,Developing,93.0,22,0.03,0.0,99.0,73,54.8,25,99.0,7.12,99.0,0.1,,,7.9,8.1,0.745,13.1
Georgia,2013,Developing,128.0,1,5.91,180.3787034,96.0,7872,54.4,1,94.0,7.25,93.0,0.1,4274.376857,3776.0,2.7,2.8,0.755,13.5
Benin,2006,Developing,284.0,25,1.19,75.91429496,74.0,176,21.0,39,76.0,4.75,74.0,2.0,625.8392,8216896.0,8.5,8.4,0.434,8.7
Sri Lanka,2015,Developing,138.0,3,,0.0,99.0,1568,23.4,3,99.0,,99.0,0.1,3844.89123,2966.0,15.1,15.0,0.764,14.0
Russian Federation,2012,Developing,237.0,14,10.99,178.8225911,97.0,2123,58.7,16,98.0,6.88,97.0,0.3,15154.45687,14321676.0,2.3,2.4,0.792,14.3
Tonga,2013,Developing,137.0,0,0.01,584.9449886,82.0,0,74.3,0,84.0,4.98,82.0,0.1,4266.557174,15328.0,0.1,0.1,0.718,14.3
Guinea,2002,Developing,337.0,35,0.21,21.3378184,,2151,17.3,56,56.0,3.76,53.0,3.0,322.811171,9137345.0,9.9,9.9,0.329,5.5
Maldives,2012,Developing,65.0,0,0.01,1259.940376,99.0,0,24.1,0,99.0,9.16,99.0,0.1,6541.7465,385.0,13.8,13.9,0.675,12.1
South Africa,2001,Developing,429.0,52,7.38,365.2585722,72.0,1166,4.9,76,71.0,8.31,71.0,24.0,2681.781,45312937.0,15.4,18.1,0.629,13.0
Switzerland,2010,Developed,57.0,0,10.01,2198.590865,,77,55.4,0,96.0,11.7,95.0,0.1,74276.71842,782499.0,0.5,0.4,0.92,15.4
Bolivia (Plurinational State of),2004,Developing,226.0,12,2.66,0.0,84.0,0,45.4,16,84.0,5.22,84.0,0.2,,,1.4,1.2,0.62,14.6
Jamaica,2009,Developing,142.0,1,3.33,235.7067417,9.0,0,49.7,1,9.0,5.16,9.0,0.6,4293.383274,28482.0,1.9,1.7,0.721,12.7
Egypt,2001,Developing,177.0,63,0.14,0.0,99.0,2150,51.2,78,99.0,5.75,99.0,0.1,,,3.5,3.4,0.612,11.1
Bolivia (Plurinational State of),2006,Developing,219.0,11,3.23,0.0,83.0,0,46.7,15,82.0,5.19,83.0,0.2,,,1.3,1.2,0.625,14.3
Poland,2007,Developed,144.0,2,10.9,14.3042452,98.0,40,56.6,3,99.0,6.28,99.0,0.1,1126.31852,381256.0,2.2,2.4,0.808,15.0
Mali,2015,Developing,266.0,52,,0.0,64.0,215,23.8,84,66.0,,64.0,1.5,729.725338,1746795.0,7.7,7.5,0.438,8.4
Lithuania,2010,Developed,188.0,0,12.9,1423.802386,94.0,2,6.0,0,95.0,7.9,95.0,0.1,11984.86857,397282.0,2.8,2.8,0.824,16.8
Botswana,2010,Developing,349.0,2,5.99,547.0386679,95.0,853,35.2,3,96.0,5.64,95.0,6.2,6346.15624,214866.0,8.0,7.8,0.669,12.3
Luxembourg,2012,Developed,7.0,0,11.34,2284.58215,94.0,2,6.1,0,99.0,7.18,99.0,0.1,16749.136,53946.0,0.9,0.9,0.892,13.9
France,2002,Developing,11.0,3,13.78,3779.655273,29.0,5185,55.8,4,97.0,1.22,97.0,0.1,24275.2426,6185267.0,0.7,0.6,0.851,15.5
Comoros,2004,Developing,269.0,2,0.27,7.212110766,77.0,0,18.8,2,73.0,3.96,76.0,0.1,616.4197236,597228.0,7.5,7.5,0.0,9.5
Cuba,2005,Developing,19.0,1,4.48,518.9359221,95.0,0,53.8,1,99.0,9.39,89.0,0.1,3779.577,,3.4,3.3,0.719,14.2
Central African Republic,2007,Developing,495.0,17,1.5,60.04884821,,49,19.0,26,46.0,4.4,48.0,9.0,397.148467,42758.0,9.4,9.4,0.33,6.2
Montenegro,2011,Developing,113.0,0,6.56,666.7374371,91.0,5,59.7,0,95.0,6.92,95.0,0.1,7318.742449,6279.0,1.9,2.0,0.792,15.1
Saudi Arabia,2014,Developing,88.0,7,0.09,2017.643131,98.0,154,67.3,9,98.0,4.68,98.0,0.1,24575.434,,7.7,7.5,0.841,15.8
Tajikistan,2004,Developing,177.0,11,0.38,2.093721752,81.0,4,33.0,13,82.0,5.7,86.0,0.3,39.281834,6712841.0,3.9,3.9,0.563,10.5
Pakistan,2015,Developing,161.0,352,,0.0,72.0,386,25.4,433,72.0,,72.0,0.1,1431.244865,18938513.0,19.2,19.6,0.548,8.1
Oman,2002,Developing,13.0,1,0.54,585.9170945,99.0,5,47.3,1,99.0,3.18,99.0,0.1,8629.11774,,7.1,6.8,0.716,11.0
Uruguay,2009,Developing,118.0,0,6.67,1871.736563,95.0,0,6.7,1,95.0,8.78,95.0,0.1,9415.17386,3362755.0,1.5,1.5,0.774,15.5
Sudan,2015,Developing,225.0,58,,0.0,93.0,3585,,85,93.0,,93.0,0.3,2513.884661,3864783.0,,,0.488,7.2
Romania,2009,Developed,158.0,2,10.4,14.96373588,95.0,8,56.3,3,95.0,5.56,95.0,0.1,822.18329,2367487.0,3.0,3.3,0.795,15.4
Saudi Arabia,2008,Developing,98.0,9,0.09,15.50666857,98.0,158,62.4,10,98.0,2.87,98.0,0.1,237.83234,,7.2,7.3,0.779,12.8
Antigua and Barbuda,2011,Developing,136.0,0,7.84,1810.875316,99.0,0,45.1,0,99.0,5.65,99.0,0.1,11929.34991,,3.3,3.3,0.782,14.1
Trinidad and Tobago,2008,Developing,185.0,0,6.41,1902.693048,9.0,0,4.2,0,91.0,4.4,9.0,0.3,21188.11857,1315372.0,6.1,6.4,0.767,12.4
Afghanistan,2001,Developing,316.0,88,0.01,10.5747282,63.0,8762,12.6,122,35.0,7.8,33.0,0.1,117.49698,2966463.0,2.1,2.4,0.34,5.9
Maldives,2001,Developing,129.0,0,1.98,41.30688803,98.0,0,15.6,0,97.0,5.84,98.0,0.1,298.67598,292.0,14.7,14.8,0.587,11.8
Comoros,2000,Developing,272.0,1,0.09,35.02948624,,0,17.3,2,7.0,3.56,7.0,0.1,375.8528566,542357.0,7.9,7.9,0.0,8.2
Oman,2008,Developing,19.0,1,0.57,123.0966298,99.0,18,51.1,1,97.0,2.1,99.0,0.1,2275.3536,,6.9,6.8,0.765,11.9
Sri Lanka,2012,Developing,143.0,3,2.8,20.76877311,99.0,51,21.2,4,99.0,3.21,99.0,0.1,335.521375,2425.0,15.3,15.2,0.752,13.7
Syrian Arab Republic,2000,Developing,136.0,10,1.41,81.7274712,79.0,146,43.9,12,86.0,4.92,84.0,0.1,1177.629268,1641848.0,6.8,6.6,0.588,10.0
Zimbabwe,2001,Developing,686.0,25,1.72,0.0,76.0,529,25.9,39,76.0,6.16,75.0,42.1,548.587312,12366165.0,1.6,1.7,0.427,9.8
Kiribati,2015,Developing,198.0,0,,0.0,82.0,0,77.6,0,8.0,,78.0,0.1,1424.483611,11247.0,0.1,0.1,0.586,11.9
Angola,2013,Developing,355.0,69,8.1,35.95857279,77.0,8523,22.1,105,67.0,4.26,77.0,2.3,484.616884,2599834.0,8.6,8.5,0.523,11.4
Botswana,2005,Developing,566.0,2,6.37,629.8425643,92.0,5,32.7,3,96.0,5.62,96.0,20.6,5351.253732,1855852.0,1.0,9.9,0.593,11.9
Nicaragua,2010,Developing,154.0,3,3.38,302.7045411,98.0,0,5.2,3,99.0,6.58,98.0,0.1,1526.497938,5737723.0,1.9,1.8,0.614,11.4
Guatemala,2012,Developing,189.0,11,2.02,484.7187892,96.0,0,48.6,13,94.0,6.33,96.0,0.4,3299.65139,1527156.0,1.2,1.2,0.616,10.6
Venezuela (Bolivarian Republic of),2005,Developing,158.0,9,7.92,0.0,88.0,0,56.5,11,8.0,4.69,87.0,0.1,,,1.7,1.6,0.7,11.8
Bulgaria,2012,Developed,139.0,1,10.99,851.450672,95.0,1,63.9,1,95.0,7.11,95.0,0.1,7378.25539,735888.0,1.9,1.9,0.778,14.3
Nicaragua,2000,Developing,192.0,4,3.61,15.25518816,83.0,0,42.8,5,85.0,5.39,83.0,0.4,116.2743,526796.0,2.2,2.1,0.562,10.1
South Sudan,2013,Developing,345.0,26,,47.44453,,525,,40,5.0,2.62,45.0,3.6,1186.11325,1117749.0,,,0.417,4.9
Gambia,2012,Developing,269.0,3,0.01,0.0,98.0,0,25.4,5,98.0,6.12,98.0,1.4,,,7.8,7.7,0.44,8.8
Belarus,2001,Developing,254.0,1,10.74,14.06141699,93.0,45,54.9,1,99.0,6.62,99.0,0.1,1244.373185,9928549.0,2.6,2.7,0.681,13.3
Guinea,2010,Developing,291.0,29,0.2,29.74734049,64.0,45,2.8,44,62.0,4.55,64.0,2.2,438.7513346,179417.0,8.2,8.2,0.38,8.3
Niger,2000,Developing,284.0,58,0.1,13.35783844,,21319,13.6,128,41.0,6.1,34.0,1.5,158.455972,11352973.0,12.8,12.9,0.253,2.8
Iraq,2003,Developing,213.0,30,0.07,0.0,63.0,0,51.3,37,73.0,4.36,75.0,0.1,,25627626.0,5.5,5.2,0.616,9.4
Indonesia,2006,Developing,191.0,159,0.06,72.0159316,66.0,20422,19.7,194,78.0,2.91,72.0,0.1,1586.254,22983822.0,1.8,1.8,0.632,10.9
Slovenia,2012,Developed,81.0,0,10.95,3283.024864,,2,58.2,0,96.0,9.37,96.0,0.1,22486.47167,257159.0,1.5,1.5,0.877,16.8
Malawi,2010,Developing,462.0,35,1.08,9.728005297,93.0,118712,17.6,54,86.0,1.5,93.0,13.7,458.8681744,1516795.0,6.8,6.7,0.43,10.2
Latvia,2010,Developed,18.0,0,9.8,1109.969508,91.0,0,58.9,0,92.0,6.55,92.0,0.1,11326.21947,297555.0,2.2,2.3,0.815,16.0
Costa Rica,2006,Developing,16.0,1,4.15,1185.412346,88.0,0,51.4,1,89.0,7.82,89.0,0.1,5245.187372,438794.0,2.0,1.9,0.727,12.6
Sao Tome and Principe,2013,Developing,192.0,0,0.01,200.6600988,97.0,0,29.3,0,97.0,9.76,97.0,0.2,1619.532678,18745.0,5.7,5.5,0.559,11.0
Slovakia,2005,Developed,141.0,0,10.81,0.0,99.0,0,53.1,0,99.0,7.4,99.0,0.1,,,1.4,1.5,0.784,14.0
Azerbaijan,2013,Developing,121.0,5,2.14,275.6514934,93.0,164,5.6,6,96.0,5.54,93.0,0.1,7875.756953,941681.0,2.8,2.8,0.745,11.9
Iraq,2012,Developing,147.0,32,0.01,429.6625083,61.0,15,57.2,39,7.0,5.26,69.0,0.1,6651.12242,32776571.0,5.3,5.1,0.656,10.5
Bahrain,2014,Developing,7.0,0,1.57,367.2556742,98.0,46,62.9,0,98.0,4.98,98.0,0.1,24983.3792,,6.1,6.0,0.82,14.5
Equatorial Guinea,2007,Developing,339.0,3,6.86,1024.519543,,5,2.9,4,54.0,2.25,41.0,5.9,15761.83913,829327.0,9.5,9.5,0.587,9.0
Mexico,2005,Developing,126.0,42,4.93,998.3498049,98.0,6,56.4,49,98.0,6.4,98.0,0.1,7986.798439,18472228.0,1.8,1.7,0.719,12.2
Solomon Islands,2002,Developing,22.0,0,1.08,156.2847968,75.0,0,39.6,0,78.0,6.9,78.0,0.1,784.9562874,435262.0,1.4,1.4,0.446,7.3
Zambia,2010,Developing,363.0,30,2.47,184.3649102,83.0,15754,2.7,45,8.0,4.41,83.0,6.8,1463.213573,138533.0,6.7,6.5,0.533,11.8
Lithuania,2006,Developed,229.0,0,12.7,116.504961,95.0,1,58.7,0,94.0,6.2,94.0,0.1,924.642548,326999.0,3.0,3.0,0.807,16.4
Lesotho,2014,Developing,522.0,4,0.01,162.1278115,93.0,0,32.0,6,9.0,1.62,93.0,9.4,1174.839214,2145785.0,5.8,5.6,0.491,10.8
Burundi,2003,Developing,387.0,24,5.84,6.545263634,,224,13.5,38,75.0,5.25,82.0,5.1,112.849373,6953113.0,8.5,8.5,0.276,4.7
Micronesia (Federated States of),2005,Developing,178.0,0,1.9,0.0,91.0,0,63.6,0,94.0,12.11,94.0,0.1,,,0.2,0.2,0.617,10.7
Bosnia and Herzegovina,2014,Developing,89.0,0,4.03,732.8662491,89.0,3000,55.3,0,86.0,9.57,86.0,0.1,5193.94932,35662.0,2.4,2.4,0.742,14.2
Kenya,2003,Developing,437.0,74,1.49,35.85204668,73.0,65,15.5,115,75.0,4.45,73.0,14.5,436.6875357,3413852.0,8.8,8.8,0.45,8.2
Equatorial Guinea,2012,Developing,337.0,3,11.89,1500.412635,,1190,23.0,4,3.0,4.0,24.0,8.2,21557.6528,138593.0,8.7,8.7,0.583,9.2
Mauritania,2006,Developing,221.0,8,0.01,55.79836969,68.0,22,24.8,12,68.0,3.21,68.0,1.3,944.134851,322653.0,9.6,9.4,0.466,7.2
Ukraine,2010,Developing,212.0,5,8.39,375.6835376,48.0,39,58.5,6,57.0,7.81,52.0,0.2,2965.142365,45877.0,2.4,2.5,0.728,14.9
Comoros,2005,Developing,266.0,2,0.24,69.9675435,68.0,912,19.2,2,67.0,4.32,68.0,0.1,621.93372,611627.0,7.5,7.4,0.434,9.7
Egypt,2009,Developing,174.0,54,0.21,0.0,97.0,608,56.2,64,97.0,5.1,97.0,0.1,,,3.0,3.0,0.659,12.0
Bangladesh,2012,Developing,137.0,111,0.01,59.2589257,94.0,1986,16.4,139,94.0,3.8,94.0,0.1,856.342857,15572753.0,18.5,19.0,0.557,9.9
Bolivia (Plurinational State of),2010,Developing,22.0,9,3.95,0.0,91.0,0,49.3,12,9.0,5.44,91.0,0.2,,,1.2,1.1,0.643,13.8
Singapore,2000,Developed,78.0,0,2.03,1855.828806,97.0,141,28.5,0,98.0,2.71,98.0,0.1,23792.677,,2.1,2.0,0.81,12.5
Micronesia (Federated States of),2001,Developing,183.0,0,2.82,0.0,81.0,0,62.0,0,79.0,8.58,75.0,0.1,,,0.3,0.2,0.604,10.1
Greece,2000,Developing,84.0,1,8.48,122.1823517,89.0,56,57.4,1,89.0,7.6,89.0,0.1,1242.95373,18588.0,0.9,0.8,0.794,13.9
Qatar,2006,Developing,83.0,0,1.28,448.5952989,96.0,144,65.0,0,95.0,2.58,96.0,0.1,6256.55926,,4.9,4.5,0.835,13.7
Gambia,2001,Developing,3.0,3,2.25,0.0,91.0,99,18.5,6,85.0,3.71,87.0,2.3,,,1.0,1.0,0.384,6.8
Syrian Arab Republic,2009,Developing,124.0,7,0.81,0.0,84.0,22,51.3,9,83.0,3.55,8.0,0.1,,2824893.0,6.4,6.2,0.648,11.8
Suriname,2011,Developing,187.0,0,5.64,989.1263558,86.0,0,55.5,0,86.0,5.93,86.0,0.1,8318.97692,531589.0,3.5,3.4,0.704,12.5
Argentina,2009,Developing,126.0,10,8.33,1398.042623,94.0,3,59.2,11,97.0,7.63,94.0,0.1,8161.36966,479947.0,1.0,0.9,0.794,16.5
Netherlands,2004,Developed,77.0,1,9.56,5170.130703,,11,55.0,1,98.0,8.52,98.0,0.1,39954.64222,16281779.0,1.0,1.0,0.885,16.5
Ireland,2007,Developed,75.0,0,13.59,9797.552661,,64,56.6,0,92.0,7.57,92.0,0.1,61388.17457,4398942.0,0.3,0.2,0.902,17.6
Lesotho,2006,Developing,654.0,5,2.61,71.15577609,91.0,1,27.9,6,88.0,7.12,89.0,34.1,915.775754,1965662.0,8.8,8.7,0.437,10.7
Iran (Islamic Republic of),2006,Developing,139.0,26,0.02,0.0,98.0,220,49.4,30,99.0,5.95,98.0,0.1,,,7.4,7.7,0.692,11.4
United States of America,2002,Developed,115.0,28,8.33,0.0,88.0,41,61.7,33,9.0,14.55,94.0,0.1,,,0.8,0.6,,
Netherlands,2012,Developed,62.0,1,9.05,1162.656768,2.0,10,6.5,1,97.0,11.1,97.0,0.1,49474.7561,16754962.0,1.0,0.9,0.921,18.1
Oman,2001,Developing,134.0,1,0.55,564.5425663,99.0,15,46.5,1,99.0,3.8,99.0,0.1,8476.61511,,7.1,6.9,0.705,10.7
Mozambique,2004,Developing,429.0,82,1.54,46.58195631,76.0,9396,18.1,120,69.0,5.91,83.0,15.9,336.3318145,231275.0,3.9,3.8,0.332,7.0
Iraq,2011,Developing,144.0,32,0.17,285.119726,77.0,15,56.5,39,8.0,3.32,79.0,0.1,5854.614497,3172753.0,5.3,5.1,0.649,10.4
Cameroon,2012,Developing,369.0,50,0.01,68.55839112,85.0,609,27.2,76,85.0,4.34,85.0,4.6,1255.648189,2182383.0,5.9,5.9,0.496,10.4
Uzbekistan,2015,Developing,184.0,15,,0.0,99.0,22,44.7,17,99.0,,99.0,0.1,2137.576852,312989.0,3.0,3.1,0.697,12.1
Lao People's Democratic Republic,2011,Developing,213.0,9,5.39,0.0,78.0,113,18.7,13,79.0,2.2,78.0,0.3,,,9.2,9.4,0.542,9.9
Kiribati,2011,Developing,26.0,0,0.53,30.46703899,95.0,0,75.7,0,95.0,1.42,99.0,0.1,1692.613277,14656.0,0.1,0.1,0.585,11.9
Estonia,2012,Developing,135.0,0,0.01,2263.103797,94.0,4,58.5,0,94.0,6.36,94.0,0.1,17421.8922,1322696.0,1.9,1.9,0.85,16.5
Ethiopia,2005,Developing,343.0,206,0.99,18.03753133,,357,13.8,323,56.0,4.2,44.0,3.7,161.6266248,7672783.0,11.5,11.2,0.325,5.8
Ukraine,2008,Developing,273.0,5,9.46,456.4586664,84.0,48,57.6,6,91.0,6.63,9.0,0.4,3891.37823,462582.0,2.5,2.6,0.73,14.9
Denmark,2013,Developed,75.0,0,9.5,10261.763,,17,58.1,0,94.0,11.25,94.0,0.1,61191.19263,5614932.0,1.1,0.9,0.924,18.7
Japan,2004,Developed,68.0,3,7.7,6746.281299,,8752,23.8,4,97.0,8.3,99.0,0.1,37688.72234,127761.0,1.7,1.4,0.866,14.8
Lao People's Democratic Republic,2013,Developing,23.0,9,0.01,0.0,87.0,71,2.1,12,86.0,2.0,87.0,0.3,,,9.0,9.1,0.563,10.4
Dominican Republic,2001,Developing,188.0,7,6.13,340.0239945,66.0,113,44.1,9,71.0,5.59,72.0,2.5,2862.154836,8697126.0,3.8,3.6,0.656,12.3
Luxembourg,2001,Developed,96.0,0,12.89,7877.33656,86.0,0,54.6,0,99.0,7.4,99.0,0.1,48179.4285,441525.0,1.0,1.0,0.854,13.4
Namibia,2000,Developing,41.0,3,5.73,35.80978512,,469,24.5,4,8.0,6.11,79.0,22.8,257.99557,1899257.0,15.7,15.9,0.559,11.5
Liberia,2012,Developing,261.0,9,0.01,48.09891474,8.0,43,25.6,12,8.0,1.19,8.0,1.2,415.361958,4181563.0,7.0,6.9,0.416,9.6
Niger,2011,Developing,241.0,50,0.15,32.22493445,75.0,771,17.7,93,4.0,6.66,75.0,0.7,375.5819866,1764636.0,1.5,1.3,0.323,4.8
Denmark,2010,Developed,84.0,0,10.28,954.4865933,,5,57.0,0,9.0,11.8,9.0,0.1,5841.41122,5547683.0,1.1,0.9,0.906,16.8
Bosnia and Herzegovina,2013,Developing,9.0,0,4.12,75.61062911,91.0,0,54.7,0,87.0,9.46,89.0,0.1,535.86555,364999.0,2.4,2.4,0.735,14.2
Benin,2011,Developing,251.0,25,1.4,110.2633619,75.0,426,23.5,39,77.0,5.37,75.0,1.4,825.9427854,94682.0,7.6,7.5,0.454,9.8
El Salvador,2011,Developing,197.0,2,2.37,549.2783081,89.0,0,53.4,2,9.0,6.81,89.0,0.3,3736.58713,619256.0,1.7,1.6,0.666,13.0
Afghanistan,2011,Developing,275.0,71,0.01,7.097108703,68.0,3013,17.2,97,68.0,7.87,68.0,0.1,63.537231,2978599.0,18.2,18.2,0.454,9.5
Bhutan,2001,Developing,29.0,1,0.14,8.574029812,89.0,756,14.4,1,88.0,5.91,88.0,0.1,87.9387673,5896.0,18.9,19.6,0.0,7.6
Gambia,2002,Developing,298.0,3,2.08,0.0,92.0,32,19.1,6,86.0,3.75,87.0,2.5,,,9.8,9.8,0.392,7.0
Solomon Islands,2001,Developing,227.0,0,0.7,325.1114746,83.0,0,38.7,0,88.0,6.44,84.0,0.1,944.81684,423853.0,1.4,1.4,0.442,6.6
Senegal,2007,Developing,23.0,22,0.32,8.309152927,94.0,11,2.3,36,93.0,4.72,94.0,0.7,95.3978522,11873557.0,11.0,1.9,0.425,6.8
Slovenia,2003,Developed,119.0,0,11.58,203.3252124,,0,52.9,0,95.0,8.77,95.0,0.1,1488.47154,1995733.0,2.0,2.1,0.843,16.1
Malaysia,2008,Developing,132.0,3,0.47,438.4519214,97.0,334,33.4,4,97.0,3.47,97.0,0.1,8513.629541,2711169.0,8.5,8.3,0.747,12.5
Ireland,2004,Developed,82.0,0,13.32,8040.220444,,334,54.4,0,89.0,7.34,89.0,0.1,47631.6377,47262.0,0.3,0.2,0.88,17.1
Burundi,2012,Developing,312.0,22,0.01,38.73170505,96.0,49,17.1,33,96.0,8.21,96.0,1.2,265.285651,931971.0,7.5,7.5,0.393,10.3
Sri Lanka,2008,Developing,172.0,4,2.1,17.81424344,98.0,33,18.5,4,98.0,3.44,98.0,0.1,254.489192,19817.0,15.4,15.4,0.731,13.3
Guyana,2013,Developing,218.0,0,7.56,345.9044258,98.0,0,45.0,1,98.0,5.1,98.0,0.3,3944.178173,75881.0,5.5,5.3,0.633,10.3
Mali,2000,Developing,37.0,60,0.47,23.94507124,,1578,15.6,111,53.0,6.29,43.0,2.5,269.3483829,196769.0,11.0,1.9,0.291,4.4
Slovenia,2013,Developed,78.0,0,9.53,259.7786785,,1,58.9,0,95.0,9.29,95.0,0.1,2315.31799,259953.0,1.4,1.4,0.878,16.8
Estonia,2006,Developing,188.0,0,16.58,244.3510801,95.0,27,55.9,0,95.0,5.1,95.0,0.1,12595.4165,134681.0,2.1,2.2,0.822,16.1
Cameroon,2005,Developing,4.0,58,5.03,73.03276195,79.0,605,23.3,93,79.0,4.75,8.0,7.4,952.1872484,1742795.0,6.9,7.0,0.456,8.3
Samoa,2008,Developing,146.0,0,3.97,47.35260547,12.0,0,71.4,0,54.0,4.52,26.0,0.1,359.82223,183526.0,0.2,0.2,0.688,12.9
Saudi Arabia,2007,Developing,99.0,9,0.1,1307.89002,96.0,4648,61.6,10,96.0,3.49,96.0,0.1,16472.1665,,7.2,7.3,0.773,12.7
Peru,2011,Developing,133.0,9,4.83,759.5380695,91.0,0,52.9,12,91.0,4.93,91.0,0.2,5771.565878,29759989.0,1.1,1.1,0.721,13.4
Cyprus,2005,Developed,65.0,0,11.41,1562.520827,88.0,1,55.3,0,98.0,6.37,98.0,0.1,25324.48666,127658.0,0.9,1.0,0.826,13.5
Ghana,2015,Developing,249.0,37,,0.0,88.0,23,28.6,52,88.0,,88.0,0.7,1361.11395,27582821.0,6.2,6.1,0.575,11.4
Equatorial Guinea,2011,Developing,344.0,3,10.99,1493.051277,,0,22.6,4,39.0,3.29,41.0,7.7,21451.88617,99429.0,8.9,8.8,0.58,9.2
Germany,2012,Developed,71.0,2,11.18,839.91332,88.0,166,6.9,3,94.0,1.99,95.0,0.1,4465.24891,8425823.0,1.1,1.1,0.916,16.9
Uzbekistan,2009,Developing,183.0,21,2.56,92.81479759,98.0,0,4.0,24,99.0,6.31,98.0,0.2,1213.265328,277674.0,3.1,3.1,0.651,11.8
Bosnia and Herzegovina,2003,Developing,12.0,0,4.14,39.86518043,,18,49.4,0,87.0,7.94,87.0,0.1,2214.732246,3779247.0,3.0,3.0,0.0,12.1
Gabon,2004,Developing,322.0,2,8.13,443.4750634,,63,3.3,3,44.0,3.26,45.0,11.1,5685.577736,136425.0,7.4,7.2,0.64,12.3
Swaziland,2007,Developing,51.0,3,5.55,43.3664999,92.0,0,28.5,4,88.0,7.5,87.0,40.7,347.48798,1138434.0,6.5,6.7,0.508,10.5
Mali,2013,Developing,275.0,53,0.01,36.86104319,69.0,221,22.5,86,7.0,6.58,69.0,1.6,777.659139,16477818.0,8.1,7.9,0.421,8.0
Honduras,2002,Developing,169.0,6,3.09,154.8636161,94.0,0,4.4,7,95.0,7.28,95.0,1.5,1132.8721,6863157.0,2.7,2.6,0.561,10.1
Liberia,2005,Developing,316.0,12,4.19,22.39648813,,8,22.0,16,66.0,8.4,6.0,3.1,168.648254,326123.0,8.3,8.3,0.372,10.1
Finland,2014,Developing,78.0,0,8.8,6164.455402,,0,61.7,0,98.0,9.68,98.0,0.1,49914.61864,5461512.0,0.9,0.8,0.89,17.0
Israel,2004,Developing,69.0,1,2.23,1895.342792,99.0,116,6.1,1,95.0,7.35,95.0,0.1,19888.172,689.0,1.1,1.1,0.863,15.9
Serbia,2011,Developing,127.0,1,9.56,915.3190791,94.0,370,57.7,1,94.0,9.72,94.0,0.1,6423.291783,723499.0,2.2,2.2,0.757,13.5
Papua New Guinea,2007,Developing,295.0,11,0.71,85.7175381,61.0,0,42.7,14,72.0,4.4,71.0,1.4,956.668952,6627922.0,1.4,1.3,0.461,8.6
Mexico,2008,Developing,127.0,37,5.36,159.8772264,97.0,0,58.7,43,96.0,6.6,96.0,0.1,9689.52887,11366189.0,1.7,1.6,0.735,12.3
Niger,2007,Developing,276.0,53,0.1,35.80929749,,282,16.1,106,57.0,6.94,57.0,1.4,292.55962,14668338.0,11.4,11.3,0.293,3.8
Malawi,2011,Developing,441.0,32,1.23,13.77617463,97.0,26,18.0,50,97.0,11.67,97.0,11.2,512.125451,15627618.0,6.7,6.6,0.444,10.6
Venezuela (Bolivarian Republic of),2013,Developing,159.0,9,6.71,0.0,82.0,0,61.0,10,82.0,4.94,82.0,0.1,,,1.6,1.5,0.77,14.2
Iraq,2009,Developing,148.0,32,0.2,185.6366983,75.0,30328,55.2,39,78.0,4.65,78.0,0.1,3735.144836,29894652.0,5.4,5.1,0.643,10.3
Congo,2015,Developing,267.0,7,,0.0,8.0,1359,27.4,10,8.0,,8.0,2.8,,,7.5,7.1,0.59,11.1
Egypt,2008,Developing,172.0,54,0.24,0.0,97.0,668,55.5,65,97.0,4.82,97.0,0.1,,,3.1,3.0,0.651,11.9
Micronesia (Federated States of),2000,Developing,185.0,0,2.23,0.0,87.0,0,61.5,0,85.0,7.88,85.0,0.1,,,0.3,0.3,0.0,0.0
Guyana,2014,Developing,217.0,0,7.64,4.141293345,98.0,0,45.9,1,97.0,5.25,98.0,0.3,43.82321,763393.0,5.5,5.3,0.636,10.3
Malta,2001,Developed,79.0,0,5.62,130.0150391,,2,62.8,0,95.0,7.11,95.0,0.1,1121.78636,39328.0,0.7,0.7,0.783,13.7
Kuwait,2013,Developing,83.0,1,0.01,2792.677582,99.0,62,7.2,1,99.0,2.56,99.0,0.1,48399.9581,,3.4,3.3,0.796,13.1
Sao Tome and Principe,2014,Developing,191.0,0,0.01,225.7307751,95.0,0,3.1,0,95.0,8.35,95.0,0.2,1821.878734,191266.0,5.6,5.4,0.562,11.1
Ireland,2008,Developed,75.0,0,12.66,9528.230574,,57,57.4,0,93.0,8.64,93.0,0.1,61235.415,4489544.0,0.3,0.2,0.908,17.9
Uganda,2011,Developing,347.0,76,10.22,94.49686776,82.0,3312,16.7,114,82.0,9.9,82.0,6.8,584.3962137,3593648.0,5.9,5.9,0.477,10.7
Central African Republic,2015,Developing,397.0,15,,0.0,47.0,150,22.7,21,47.0,,47.0,4.4,348.381417,45461.0,8.2,8.2,0.347,7.1
Armenia,2006,Developing,141.0,1,4.01,244.5352767,78.0,137,49.2,1,87.0,4.58,87.0,0.1,2158.299,29585.0,2.0,2.1,0.692,11.2
Germany,2014,Developed,69.0,2,11.03,941.7562909,88.0,443,61.9,3,94.0,11.3,95.0,0.1,4792.65288,89825.0,1.1,1.1,0.92,17.0
Micronesia (Federated States of),2014,Developing,164.0,0,1.58,0.0,81.0,140,68.7,0,76.0,13.71,77.0,0.1,,,0.2,0.2,0.639,11.7
Cabo Verde,2009,Developing,124.0,0,4.45,339.9777364,98.0,0,26.8,0,99.0,4.24,99.0,0.4,3444.5566,496963.0,7.6,7.6,0.621,12.4
Brunei Darussalam,2003,Developing,89.0,0,0.12,1406.51194,99.0,24,29.1,0,99.0,3.9,92.0,0.1,18555.56649,,6.6,6.1,0.823,13.4
Dominican Republic,2010,Developing,166.0,6,6.02,664.5585242,83.0,0,53.6,8,85.0,4.6,88.0,0.9,5451.6696,9897985.0,3.3,3.3,0.697,12.9
Tajikistan,2013,Developing,163.0,10,0.01,1.0419164,96.0,1,39.0,11,97.0,6.75,96.0,0.2,14.214412,817789.0,3.6,3.7,0.617,11.2
Finland,2001,Developing,1.0,0,8.94,2775.33544,,1,56.1,0,95.0,7.43,98.0,0.1,24913.24452,51888.0,0.9,0.8,0.856,17.7
Australia,2001,Developed,75.0,1,9.53,3064.301144,94.0,141,59.0,2,91.0,8.18,92.0,0.1,19517.84168,19413.0,0.7,0.7,0.899,20.5
Bangladesh,2006,Developing,152.0,164,0.01,42.3304549,86.0,6192,13.0,215,95.0,2.8,94.0,0.1,494.51466,1453684.0,19.7,2.3,0.506,8.4
Tunisia,2002,Developing,19.0,4,1.17,262.8184944,93.0,98,49.7,5,96.0,5.32,96.0,0.1,2346.5937,9864326.0,6.5,6.4,0.662,13.3
Honduras,2006,Developing,161.0,5,3.23,192.9297829,94.0,0,43.5,6,94.0,7.63,95.0,0.8,1437.628785,754146.0,2.4,2.4,0.583,10.8
Montenegro,2012,Developing,11.0,0,0.01,648.1331781,9.0,0,6.2,0,94.0,7.25,94.0,0.1,6586.71929,6261.0,1.9,1.9,0.797,15.1
Montenegro,2005,Developing,133.0,0,,527.3076721,,0,55.7,0,,8.46,,0.1,3674.617924,614261.0,2.3,2.3,0.746,12.8
Libya,2009,Developing,132.0,2,0.01,63.55170297,98.0,329,59.0,2,98.0,3.16,98.0,0.1,1296.97353,,5.6,5.4,0.757,14.6
Mauritius,2000,Developing,177.0,0,4.6,336.3213326,88.0,0,25.3,0,88.0,3.78,88.0,0.1,3861.32414,1186873.0,8.1,8.1,0.667,12.1
Malawi,2007,Developing,559.0,37,1.18,4.269511381,87.0,143,16.6,59,88.0,9.31,87.0,19.3,32.2227274,1384969.0,7.1,7.0,0.387,9.7
Suriname,2014,Developing,178.0,0,6.32,1132.432517,85.0,0,57.7,0,85.0,5.69,85.0,0.4,9564.46383,547928.0,3.5,3.5,0.722,12.7
Albania,2009,Developing,91.0,1,5.79,348.0559517,98.0,0,53.5,1,98.0,5.79,98.0,0.1,4114.136545,2927519.0,1.5,1.6,0.721,12.2
Austria,2007,Developed,8.0,0,12.5,7453.8644,85.0,20,53.7,0,85.0,1.4,85.0,0.1,46586.6525,8295487.0,1.7,1.9,0.86,15.2
Mozambique,2013,Developing,46.0,62,1.16,5.813338496,78.0,8,21.8,87,78.0,5.9,78.0,5.1,65.985681,26434372.0,3.6,3.5,0.405,9.1
Iraq,2005,Developing,29.0,31,0.18,59.18845152,65.0,908,52.5,37,69.0,4.13,65.0,0.1,1849.63911,278426.0,5.4,5.2,0.628,10.1
South Sudan,2000,Developing,38.0,31,,0.0,,0,,50,,,,2.7,,67656.0,,,0.0,0.0
Zimbabwe,2006,Developing,7.0,28,4.57,34.26216876,68.0,212,27.9,45,71.0,5.12,7.0,26.8,414.796232,13124267.0,8.6,8.6,0.408,9.5
Pakistan,2003,Developing,185.0,366,0.01,24.23455671,63.0,4740,17.9,466,69.0,2.61,67.0,0.1,563.594342,1477341.0,21.6,22.0,0.465,5.6
Sao Tome and Principe,2007,Developing,217.0,0,4.14,49.93698173,87.0,0,24.7,0,98.0,7.44,97.0,1.2,894.927988,16311.0,6.7,6.6,0.527,10.3
Sudan,2005,Developing,261.0,66,1.55,37.59039592,22.0,1374,,101,78.0,3.18,78.0,0.2,679.7539949,3911914.0,,,0.423,6.1
United Arab Emirates,2001,Developing,14.0,1,1.67,243.7539129,92.0,30,55.0,1,94.0,2.48,94.0,0.1,3161.52935,,5.3,5.1,0.798,12.0
Israel,2002,Developing,74.0,1,2.47,1701.195787,98.0,2,59.2,1,91.0,7.49,9.0,0.1,18431.15696,657.0,1.1,1.1,0.855,15.3
Grenada,2003,Developing,173.0,0,9.75,77.9454329,97.0,0,39.4,0,98.0,5.89,97.0,0.1,5773.73577,,4.0,4.1,0.0,14.6
Israel,2012,Developing,6.0,1,2.78,3830.184587,97.0,211,63.8,1,94.0,7.73,94.0,0.1,32569.59683,7915.0,1.2,1.1,0.889,15.9
Kazakhstan,2012,Developing,214.0,6,6.82,235.3566066,95.0,55,5.6,7,98.0,4.32,99.0,0.1,12387.18982,16791425.0,2.4,2.5,0.774,14.7
Jamaica,2013,Developing,136.0,1,3.79,5.457289334,93.0,0,52.7,1,86.0,5.91,93.0,0.6,56.144952,285187.0,1.8,1.7,0.727,12.8
Poland,2001,Developed,149.0,3,7.74,466.7383106,95.0,133,53.6,3,98.0,5.86,98.0,0.1,4981.198619,3824876.0,2.5,2.7,0.784,14.7
Latvia,2008,Developed,199.0,0,11.84,253.4022338,93.0,3,58.1,0,94.0,6.63,94.0,0.1,16348.53121,2177322.0,2.3,2.4,0.819,16.3
Brunei Darussalam,2015,Developing,78.0,0,,0.0,99.0,4,41.2,0,99.0,,99.0,0.1,3967.8951,,5.7,5.1,0.864,14.9
Seychelles,2008,Developing,184.0,0,6.33,701.8526364,99.0,0,31.8,0,99.0,2.64,99.0,0.1,11122.8627,86956.0,5.9,6.3,0.739,13.2
Liberia,2009,Developing,277.0,10,3.75,5.592170255,64.0,6,24.0,13,84.0,14.39,81.0,2.1,33.667491,3811528.0,7.6,7.4,0.4,9.7
Mauritania,2001,Developing,229.0,7,0.01,28.782245,,1398,21.7,12,75.0,4.34,75.0,1.2,464.229758,279729.0,1.7,1.5,0.444,6.5
United Arab Emirates,2008,Developing,85.0,1,1.86,4003.908598,92.0,55,54.8,1,94.0,2.93,92.0,0.1,45758.9554,,5.1,4.9,0.829,13.1
Honduras,2001,Developing,171.0,6,2.74,15.36175284,95.0,0,39.6,8,99.0,6.88,96.0,1.6,113.4546,669361.0,2.7,2.7,0.557,9.9
Slovenia,2008,Developed,96.0,0,10.94,392.9588536,,0,55.8,0,97.0,8.47,97.0,0.1,2751.8127,221316.0,1.7,1.7,0.869,16.9
Guyana,2010,Developing,221.0,0,7.52,48.02859441,95.0,0,42.4,1,95.0,6.6,95.0,0.4,326.281212,746556.0,5.6,5.3,0.618,10.2
Haiti,2012,Developing,259.0,15,5.68,26.37942542,,0,46.5,20,67.0,9.88,67.0,0.8,766.8437623,128921.0,3.9,3.9,0.477,8.9
Sweden,2005,Developed,66.0,0,6.5,599.0392403,,13,55.3,0,98.0,9.6,98.0,0.1,4385.35315,929572.0,1.3,1.3,0.89,16.0
Saint Lucia,2011,Developing,143.0,0,10.43,0.0,99.0,0,44.5,0,99.0,7.58,99.0,0.1,,,4.3,4.3,0.733,12.9
Azerbaijan,2010,Developing,13.0,5,1.98,246.5686008,8.0,0,48.0,6,85.0,5.33,81.0,0.1,5842.85784,954332.0,2.8,2.9,0.737,11.7
Guinea-Bissau,2001,Developing,32.0,5,2.55,0.868708478,,126,17.9,9,56.0,5.4,53.0,3.6,39.486749,1267512.0,1.0,1.0,0.0,6.7
Antigua and Barbuda,2013,Developing,133.0,0,8.58,1991.430372,99.0,0,46.4,0,98.0,5.33,99.0,0.2,12224.86416,,3.3,3.3,0.781,13.9
Saint Lucia,2000,Developing,183.0,0,11.69,0.0,,0,36.8,0,7.0,5.53,7.0,0.4,,,4.5,4.5,0.0,12.8
Solomon Islands,2009,Developing,192.0,0,1.21,244.3976438,92.0,0,45.5,0,98.0,7.92,92.0,0.1,1158.282672,51679.0,1.2,1.2,0.494,9.3
Fiji,2014,Developing,19.0,0,0.01,50.539484,99.0,0,61.9,0,99.0,4.49,99.0,0.1,546.3728,88586.0,4.0,3.7,0.727,15.2
Peru,2009,Developing,14.0,10,4.69,570.4532468,93.0,0,51.5,13,92.0,5.36,93.0,0.3,4166.93387,29157.0,1.2,1.2,0.706,13.3
Comoros,2015,Developing,227.0,1,,0.0,91.0,0,24.2,2,92.0,,91.0,0.8,727.6463868,777424.0,6.7,6.5,0.498,11.1
Myanmar,2002,Developing,235.0,71,0.41,3.421880938,,736,14.6,96,84.0,2.5,79.0,0.4,143.77651,471422.0,13.3,13.7,0.435,7.6
India,2000,Developing,224.0,1800,0.93,19.26615743,,38835,11.4,2500,57.0,4.26,58.0,0.3,438.864634,1535912.0,27.7,28.6,0.489,8.3
Saint Lucia,2009,Developing,147.0,0,11.09,0.0,95.0,0,43.0,0,95.0,8.12,95.0,0.1,,,4.3,4.4,0.717,12.7
United Republic of Tanzania,2009,Developing,368.0,91,3.97,0.0,85.0,1574,2.2,135,88.0,3.97,85.0,6.4,,,7.2,7.2,,
Namibia,2007,Developing,356.0,3,5.12,62.11039296,,21,29.4,4,81.0,6.99,86.0,15.2,422.51968,279915.0,12.0,12.0,0.578,11.3
Swaziland,2015,Developing,373.0,2,,0.0,9.0,0,32.3,3,84.0,,9.0,7.1,3136.92511,131911.0,4.0,4.1,0.541,11.4
Samoa,2011,Developing,139.0,0,2.15,558.7206486,58.0,0,72.9,0,6.0,5.8,65.0,0.1,3942.9827,187665.0,0.2,0.1,0.693,12.9
Argentina,2011,Developing,12.0,9,8.11,1504.329462,91.0,3,6.4,10,93.0,5.89,91.0,0.1,12726.9836,41656879.0,1.0,0.9,0.816,17.1
Afghanistan,2006,Developing,295.0,84,0.03,17.17151751,64.0,1990,14.7,116,58.0,7.43,58.0,0.1,272.56377,2589345.0,19.2,19.3,0.405,8.1
United Arab Emirates,2012,Developing,8.0,1,1.75,3663.764502,96.0,132,58.6,1,96.0,3.45,96.0,0.1,42112.23565,,5.1,5.0,0.826,13.3
Hungary,2014,Developed,137.0,0,0.01,160.9449342,,0,64.2,0,99.0,7.4,99.0,0.1,14117.97668,9866468.0,1.7,1.6,0.834,15.8
Azerbaijan,2012,Developing,123.0,5,0.01,285.6103912,88.0,0,49.7,6,92.0,5.37,89.0,0.1,7496.335728,9295784.0,2.8,2.8,0.742,11.8
Zambia,2001,Developing,611.0,43,2.61,46.83027463,,16997,17.1,70,86.0,6.56,85.0,18.6,378.2736238,1824125.0,7.4,7.4,0.424,9.8
Trinidad and Tobago,2009,Developing,183.0,0,6.37,128.0896289,9.0,0,41.1,0,9.0,6.47,9.0,0.2,1458.8796,1321618.0,6.0,6.4,0.773,12.5
Latvia,2003,Developed,29.0,0,8.24,478.0644911,98.0,0,56.3,0,98.0,6.15,98.0,0.1,5134.95694,2287955.0,2.6,2.6,0.761,15.2
Uzbekistan,2010,Developing,183.0,20,2.73,119.4571154,99.0,117,4.7,23,99.0,5.34,99.0,0.2,1377.8214,285624.0,3.0,3.1,0.657,11.9
Greece,2014,Developing,73.0,0,7.53,2163.043414,96.0,1,66.0,0,99.0,8.8,99.0,0.1,21673.7817,1892413.0,0.8,0.7,0.862,17.2
Albania,2005,Developing,15.0,1,5.16,26.99312143,98.0,6,49.9,1,97.0,6.12,98.0,0.1,279.142931,311487.0,1.8,1.8,0.685,10.8
Guinea,2012,Developing,288.0,28,0.01,4.344930862,62.0,6,21.7,42,63.0,5.39,62.0,1.9,52.3485646,11281469.0,7.8,7.8,0.396,8.5
Saint Vincent and the Grenadines,2008,Developing,167.0,0,6.92,0.0,99.0,0,47.5,0,99.0,4.7,99.0,0.3,,,3.6,3.6,0.704,13.3
Slovenia,2015,Developed,74.0,0,,0.0,,18,6.1,0,95.0,,95.0,0.1,2729.86383,263531.0,1.4,1.3,0.888,17.3
Nigeria,2003,Developing,41.0,567,9.75,30.19550849,,141258,18.3,918,42.0,4.5,29.0,5.4,512.65719,131972533.0,13.5,13.6,0.0,8.1
Guinea,2009,Developing,297.0,29,0.18,24.84763562,57.0,264,2.3,46,6.0,3.85,57.0,2.3,436.6895539,1556524.0,8.4,8.4,0.376,8.1
Czechia,2011,Developed,97.0,0,12.43,0.0,99.0,17,64.0,0,99.0,7.5,99.0,0.1,,,1.9,1.9,,
The former Yugoslav republic of Macedonia,2003,Developing,126.0,0,2.4,0.0,,18,54.1,0,96.0,9.17,96.0,0.1,,,2.7,2.7,0.0,11.9
Bhutan,2002,Developing,282.0,1,0.29,151.9755193,83.0,27,14.9,1,89.0,7.75,86.0,0.1,885.6382245,66399.0,18.6,19.4,0.0,8.0
Switzerland,2007,Developed,63.0,0,10.44,11892.33429,,1015,54.1,0,94.0,1.21,94.0,0.1,63223.46778,7551117.0,0.5,0.4,0.911,15.3
Kazakhstan,2002,Developing,276.0,8,5.99,145.1022528,95.0,18,44.8,9,95.0,3.61,95.0,0.1,1658.31146,14858948.0,2.6,2.6,0.7,12.7
Bulgaria,2003,Developed,155.0,1,11.19,32.38616103,96.0,0,58.6,1,96.0,7.43,96.0,0.1,271.46824,7775327.0,2.3,2.4,0.729,12.9
Maldives,2008,Developing,81.0,0,1.76,1077.712092,98.0,0,2.3,0,98.0,9.3,98.0,0.1,5828.621374,362.0,14.2,14.3,0.641,11.8
Gabon,2006,Developing,288.0,2,8.01,40.53719812,52.0,90,31.4,3,44.0,2.88,45.0,10.7,727.777345,1444844.0,7.1,6.9,0.646,12.4
Ecuador,2004,Developing,148.0,8,3.65,16.37920405,88.0,0,46.5,9,9.0,6.22,88.0,0.3,278.557892,1359647.0,1.5,1.3,0.682,12.7
Armenia,2009,Developing,137.0,1,3.96,201.1855461,93.0,0,5.7,1,94.0,4.55,93.0,0.1,2993.832531,2888584.0,2.0,2.1,0.725,11.9
Malaysia,2002,Developing,14.0,4,0.49,216.7029481,95.0,408,27.9,4,94.0,3.4,94.0,0.1,4167.364387,24198811.0,9.5,9.3,0.723,12.0
Lithuania,2015,Developed,165.0,0,,0.0,94.0,50,62.4,0,93.0,,93.0,0.1,14252.42853,29491.0,2.6,2.6,0.846,16.5
Antigua and Barbuda,2001,Developing,154.0,0,7.51,163.7676978,96.0,0,38.9,0,99.0,4.48,97.0,0.1,9358.154162,,3.6,3.5,0.0,0.0
Bolivia (Plurinational State of),2005,Developing,222.0,12,2.86,0.0,85.0,0,46.0,16,84.0,5.67,85.0,0.2,,,1.3,1.2,0.622,14.4
Jordan,2001,Developing,131.0,4,0.55,248.697463,97.0,61,54.8,4,97.0,9.9,99.0,0.1,1728.2659,5193482.0,4.0,3.9,0.706,12.7
Portugal,2011,Developed,85.0,0,11.92,3108.288623,97.0,2,58.8,0,97.0,1.7,97.0,0.1,23196.18375,155756.0,0.7,0.5,0.818,16.2
Eritrea,2001,Developing,345.0,7,0.61,5.593619538,,204,12.8,10,89.0,3.95,86.0,2.0,215.139213,3497124.0,1.0,1.0,0.0,4.3
Mexico,2001,Developing,126.0,52,4.86,13.31109532,97.0,3,53.2,62,97.0,5.35,97.0,0.1,731.378864,136768.0,1.9,1.9,0.7,11.6
Cuba,2002,Developing,19.0,1,4.1,334.7672107,98.0,0,51.3,1,98.0,6.5,99.0,0.1,2994.339988,,3.5,3.3,0.692,12.5
Croatia,2015,Developed,95.0,0,,0.0,94.0,206,63.7,0,94.0,,94.0,0.1,11579.6674,42364.0,1.5,1.4,0.823,15.3
United Arab Emirates,2002,Developing,11.0,1,1.72,2598.842827,92.0,53,56.0,1,94.0,2.72,94.0,0.1,31311.35936,,5.3,5.0,0.803,12.1
Namibia,2006,Developing,431.0,3,4.94,459.1572399,,3,28.7,4,74.0,7.2,86.0,19.2,3881.29535,255734.0,12.6,12.6,0.57,11.4
Cyprus,2006,Developed,64.0,0,11.47,1700.841534,93.0,0,55.8,0,97.0,6.28,97.0,0.1,27169.99256,14559.0,0.9,1.0,0.829,13.4
Italy,2006,Developed,65.0,2,8.44,473.1915451,96.0,439,58.8,2,97.0,8.82,96.0,0.1,3341.7482,58143979.0,0.5,0.5,0.856,16.0
Ghana,2000,Developing,38.0,43,1.6,20.65432873,,23068,19.5,65,88.0,3.0,88.0,3.6,263.1124679,18938762.0,9.2,9.2,0.48,7.7
Slovakia,2015,Developed,19.0,0,,0.0,96.0,1,59.1,0,96.0,,96.0,0.1,,,1.2,1.2,0.842,15.0
Bolivia (Plurinational State of),2002,Developing,234.0,14,2.26,0.0,77.0,0,44.0,18,76.0,6.53,77.0,0.1,,,1.4,1.3,0.61,14.0
Thailand,2003,Developing,189.0,15,6.14,282.8364612,96.0,4519,2.9,18,98.0,3.58,98.0,0.6,2358.93629,64554952.0,9.1,9.3,0.666,11.8
Benin,2002,Developing,283.0,25,1.23,40.48815233,15.0,1588,19.2,40,76.0,4.27,75.0,2.1,418.6985763,7295394.0,9.3,9.2,0.407,7.3
Panama,2007,Developing,124.0,1,6.16,76.2508038,85.0,0,51.9,2,84.0,6.31,85.0,0.2,668.8667,345387.0,2.1,2.0,0.743,12.9
Croatia,2001,Developed,126.0,0,13.15,650.9567981,,8,55.2,0,94.0,7.16,94.0,0.1,5245.421419,444.0,2.0,2.0,0.749,12.3
India,2012,Developing,19.0,1100,3.1,64.96964491,73.0,18668,17.0,1400,79.0,4.39,82.0,0.2,1446.98541,126365852.0,26.9,27.6,0.59,11.3
Ecuador,2006,Developing,144.0,8,3.52,19.13983284,96.0,0,47.9,9,92.0,5.86,96.0,0.3,335.786541,1396748.0,1.4,1.3,0.693,12.8
Zambia,2007,Developing,487.0,32,2.08,10.85148218,8.0,535,19.2,51,77.0,4.37,8.0,13.6,114.587985,12725974.0,6.9,6.8,0.492,11.1
Sierra Leone,2006,Developing,464.0,30,3.8,38.00075788,,33,19.7,46,65.0,1.68,64.0,2.2,322.313468,5848692.0,9.1,9.1,0.348,8.0
Republic of Moldova,2010,Developing,219.0,1,8.25,0.0,98.0,0,5.4,1,97.0,12.8,9.0,0.1,,,2.8,3.0,,
Guyana,2005,Developing,238.0,1,7.35,17.46405901,93.0,0,39.0,1,93.0,5.83,93.0,1.8,198.455216,75946.0,5.7,5.5,0.619,11.4
Ghana,2007,Developing,28.0,41,1.25,3.181373629,94.0,6,23.6,61,94.0,5.3,94.0,2.6,19.686718,227212.0,7.7,7.6,0.519,9.1
Bahamas,2008,Developing,167.0,0,10.15,0.0,9.0,0,6.1,0,93.0,7.3,93.0,0.1,,,2.5,2.5,0.791,12.6
Serbia,2008,Developing,132.0,1,9.54,96.33237912,93.0,2,55.8,1,95.0,1.5,95.0,0.1,671.773913,735222.0,2.3,2.4,0.749,13.5
Belarus,2014,Developing,199.0,0,13.94,1147.1114,97.0,64,61.7,0,97.0,5.69,97.0,0.1,8318.429294,9474511.0,1.9,2.0,0.796,15.7
Kenya,2010,Developing,294.0,61,1.73,56.58984221,9.0,95,18.9,89,9.0,3.97,9.0,4.3,967.34773,4135152.0,8.2,8.0,0.523,11.1
Zambia,2011,Developing,366.0,29,2.57,183.0461695,81.0,13234,21.2,44,83.0,4.26,81.0,6.3,1644.619672,14264756.0,6.6,6.4,0.543,12.0
Nicaragua,2009,Developing,163.0,3,3.36,292.753101,98.0,0,49.4,3,99.0,6.82,98.0,0.2,1464.497754,5666581.0,1.9,1.8,0.613,11.3
United Republic of Tanzania,2010,Developing,36.0,89,4.19,0.0,91.0,167,2.7,131,94.0,5.3,91.0,4.6,,,7.1,7.1,,
Burkina Faso,2007,Developing,293.0,46,4.58,73.92730583,89.0,12,15.1,83,93.0,6.63,89.0,1.7,475.11122,1425221.0,9.8,9.3,0.334,4.9
Mozambique,2007,Developing,425.0,74,1.03,53.9502789,75.0,267,19.3,108,75.0,5.25,75.0,14.1,422.1461573,22188387.0,3.8,3.7,0.36,8.2
Haiti,2010,Developing,682.0,23,5.76,36.2929176,,0,44.2,58,66.0,8.9,66.0,1.9,662.2795182,9999617.0,4.0,4.0,0.47,8.6
Latvia,2013,Developed,161.0,0,10.37,150.3116884,94.0,0,6.2,0,94.0,5.67,94.0,0.1,1532.22924,212647.0,2.2,2.2,0.814,15.4
Somalia,2002,Developing,348.0,47,0.01,0.0,,9559,18.6,77,4.0,,4.0,0.9,,,7.8,7.6,,
Israel,2011,Developing,61.0,1,2.67,3793.161624,98.0,70,63.4,1,94.0,7.39,94.0,0.1,33657.15727,77658.0,1.2,1.1,0.883,15.8
Bhutan,2009,Developing,232.0,1,0.17,27.48907048,93.0,6,19.5,1,93.0,6.3,93.0,0.4,177.234497,714458.0,16.8,17.5,0.0,10.9
Sao Tome and Principe,2008,Developing,215.0,0,4.36,62.8565863,99.0,0,25.4,0,99.0,5.66,99.0,0.9,1126.46212,166913.0,6.5,6.4,0.531,10.4
Yemen,2003,Developing,249.0,43,0.04,0.0,38.0,8536,32.7,58,61.0,5.0,61.0,0.1,,,14.0,13.9,0.457,8.2
Antigua and Barbuda,2014,Developing,131.0,0,8.56,2422.999774,99.0,0,47.0,0,96.0,5.54,99.0,0.2,12888.29667,,3.3,3.3,0.782,13.9
Paraguay,2008,Developing,157.0,3,6.14,34.73924576,87.0,0,44.9,4,85.0,7.6,89.0,0.1,359.992184,647117.0,2.1,2.1,0.654,11.9
Brunei Darussalam,2000,Developing,16.0,0,0.37,11.79686108,99.0,42,26.1,0,99.0,3.5,99.0,0.1,188.44826,,6.8,6.3,0.818,13.4
Trinidad and Tobago,2007,Developing,187.0,0,6.37,136.8836683,89.0,0,39.3,0,9.0,4.82,88.0,0.7,1653.1844,13926.0,6.1,6.5,0.76,12.4
Ireland,2000,Developed,94.0,0,14.07,3794.581463,,0,51.5,0,86.0,6.3,86.0,0.1,26241.91883,385174.0,0.3,0.3,0.848,16.2
Mexico,2004,Developing,124.0,44,4.9,920.8284115,98.0,64,55.7,52,98.0,6.11,98.0,0.1,7199.59665,16995583.0,1.8,1.8,0.714,12.1
Republic of Moldova,2000,Developing,235.0,1,9.89,0.0,92.0,687,46.5,2,97.0,6.65,95.0,0.1,,,3.6,3.7,,
Croatia,2005,Developed,116.0,0,11.59,167.2319899,,2,57.5,0,96.0,6.89,96.0,0.1,1224.2459,4442.0,1.8,1.8,0.777,13.6
Cyprus,2015,Developed,52.0,0,,0.0,97.0,0,6.3,0,97.0,,97.0,0.1,2375.1127,116985.0,1.0,1.0,0.854,14.3
New Zealand,2007,Developed,76.0,0,9.19,606.3106561,88.0,25,63.2,0,88.0,8.35,88.0,0.1,3259.73471,,0.3,0.3,0.891,19.2
Democratic Republic of the Congo,2002,Developing,341.0,229,1.85,0.0,,30466,15.7,331,4.0,2.59,38.0,2.4,,,12.1,11.9,,
Seychelles,2005,Developing,185.0,0,7.82,21.4653132,99.0,0,3.1,0,99.0,3.91,99.0,0.1,1192.5174,82858.0,6.0,6.4,0.712,12.1
Lithuania,2009,Developed,192.0,0,12.4,1446.529217,95.0,0,59.7,0,98.0,7.53,98.0,0.1,11837.3913,3162916.0,2.8,2.9,0.825,16.6
India,2002,Developing,219.0,1700,1.1,17.81205644,,40044,12.2,2300,58.0,4.4,59.0,0.3,466.2842,18987112.0,27.4,28.4,0.499,8.4
El Salvador,2007,Developing,23.0,2,2.83,52.30172215,99.0,0,5.8,3,99.0,6.32,99.0,0.3,334.83817,683475.0,1.8,1.7,0.657,12.9
Saint Lucia,2012,Developing,142.0,0,9.99,0.0,98.0,0,45.2,0,98.0,8.35,98.0,0.1,,,4.3,4.3,0.735,13.0
Libya,2006,Developing,134.0,2,0.01,493.415341,98.0,1,56.7,3,98.0,2.51,98.0,0.1,9344.987518,,5.5,5.4,0.752,15.4
Eritrea,2015,Developing,255.0,5,,0.0,95.0,198,18.6,7,95.0,,95.0,0.4,,,8.4,8.2,0.418,5.0
Saint Lucia,2004,Developing,166.0,0,11.93,0.0,91.0,0,39.0,0,91.0,6.2,91.0,0.2,,,4.4,4.4,0.686,12.3
Romania,2004,Developed,165.0,4,9.82,431.3250367,99.0,117,53.4,4,97.0,5.43,97.0,0.1,3552.92452,21451748.0,3.4,3.9,0.733,12.9
Swaziland,2001,Developing,568.0,3,6.72,143.6197316,86.0,49,26.3,4,87.0,5.11,84.0,48.8,1437.634951,172927.0,9.0,9.2,0.506,9.3
Cameroon,2006,Developing,394.0,58,5.22,0.962497052,81.0,196,23.8,91,78.0,4.69,81.0,7.2,12.989164,17899562.0,6.7,6.8,0.456,8.2
Mauritius,2011,Developing,158.0,0,3.03,918.807245,98.0,2,31.3,0,98.0,5.2,98.0,0.1,9197.26972,125244.0,7.1,7.1,0.748,14.1
Namibia,2015,Developing,248.0,2,,0.0,92.0,212,35.7,3,92.0,,92.0,2.1,4737.66996,2425561.0,8.2,8.1,0.637,11.7
Fiji,2008,Developing,26.0,0,1.95,81.04656111,99.0,0,57.3,0,99.0,3.68,99.0,0.1,4177.657789,84334.0,4.0,3.7,0.7,14.3
Cambodia,2010,Developing,192.0,14,2.2,56.88416481,89.0,1156,16.4,16,88.0,5.95,89.0,0.5,785.6928841,143874.0,11.0,11.3,0.519,10.6
Bangladesh,2007,Developing,151.0,154,0.01,46.36536703,95.0,2924,13.5,201,96.0,2.8,94.0,0.1,541.651484,147139191.0,19.5,2.1,0.513,8.6
Republic of Korea,2006,Developing,79.0,2,8.83,0.0,99.0,28,27.7,2,98.0,5.76,98.0,0.1,,,1.5,1.0,,
Ireland,2001,Developed,89.0,0,14.27,4264.579203,,241,52.2,0,84.0,6.6,84.0,0.1,28223.55528,3866243.0,0.3,0.3,0.857,16.4
Benin,2015,Developing,249.0,25,,0.0,82.0,55,25.7,39,78.0,,82.0,1.0,783.94791,1575952.0,6.9,6.8,0.481,10.7
Ethiopia,2003,Developing,363.0,228,0.79,10.97201912,,228,13.2,360,55.0,4.64,37.0,4.4,118.8734466,72545144.0,11.6,11.5,0.306,5.2
Tunisia,2003,Developing,17.0,4,1.34,321.7694175,92.0,22,5.6,4,95.0,5.36,95.0,0.1,2761.969249,9939678.0,6.4,6.3,0.667,13.5
Indonesia,2009,Developing,189.0,143,0.08,125.7980678,82.0,20818,22.1,174,85.0,2.83,78.0,0.3,2254.44566,23934478.0,1.7,1.6,0.645,11.7
Belarus,2005,Developing,252.0,1,11.01,45.65007798,99.0,1,56.7,1,98.0,6.89,99.0,0.1,3126.71767,9663915.0,2.3,2.5,0.713,14.4
Guatemala,2006,Developing,24.0,14,2.38,352.0244894,89.0,0,44.5,17,9.0,7.7,89.0,0.4,2256.56724,133978.0,1.4,1.4,0.57,9.8
Morocco,2007,Developing,128.0,21,0.56,157.6431445,95.0,2248,5.8,25,95.0,5.48,95.0,0.1,2494.353552,31225881.0,6.4,6.3,0.581,10.0
Viet Nam,2008,Developing,135.0,28,3.58,0.0,87.0,352,12.9,35,93.0,5.53,93.0,0.2,,,14.7,15.7,0.633,11.6
Sao Tome and Principe,2012,Developing,194.0,0,0.01,8.198047581,96.0,0,28.5,0,96.0,8.6,96.0,0.5,138.949959,182889.0,5.9,5.7,0.553,10.8
Barbados,2007,Developing,113.0,0,8.47,1641.30981,93.0,0,48.4,0,93.0,5.64,93.0,0.1,16462.48556,,3.9,3.9,0.771,15.0
Maldives,2010,Developing,73.0,0,1.83,91.13971812,97.0,0,22.1,0,97.0,7.93,96.0,0.1,633.79498,367.0,14.0,14.1,0.653,11.6
Dominican Republic,2011,Developing,16.0,6,5.91,843.7876995,8.0,2,54.7,7,84.0,4.22,84.0,0.7,5759.643,12795.0,3.3,3.2,0.703,13.0
Argentina,2014,Developing,118.0,8,7.93,847.3717463,94.0,1,62.2,9,92.0,4.79,94.0,0.1,12245.25645,42981515.0,1.0,0.9,0.825,17.3
Barbados,2011,Developing,14.0,0,8.51,173.9825629,91.0,0,51.4,0,91.0,6.67,91.0,0.1,15534.1574,,3.8,3.8,0.78,15.5
New Zealand,2002,Developed,83.0,0,9.13,2892.257132,89.0,21,6.3,0,84.0,7.89,9.0,0.1,16874.31232,,0.3,0.3,0.873,17.5
Guinea,2005,Developing,327.0,32,0.21,1.099665984,,99,18.5,51,59.0,2.82,59.0,2.7,33.424498,9679745.0,9.3,9.3,0.346,6.6
Burkina Faso,2003,Developing,332.0,49,4.58,41.60951275,,2946,13.3,92,83.0,5.61,79.0,2.9,332.344351,12654621.0,1.7,1.3,0.0,3.8
Canada,2005,Developing,76.0,2,8.0,6333.177967,14.0,6,61.3,2,93.0,9.57,93.0,0.1,36189.58838,32312.0,0.5,0.4,0.886,15.8
Qatar,2012,Developing,72.0,0,1.13,5163.32918,93.0,160,67.0,0,93.0,2.16,92.0,0.1,88564.82298,,5.1,4.7,0.837,13.4
Guatemala,2001,Developing,211.0,16,2.53,225.0619956,,0,41.1,20,78.0,6.76,77.0,0.3,1568.376276,11924946.0,1.5,1.5,0.546,8.5
Senegal,2006,Developing,236.0,23,0.34,10.43022617,89.0,3,19.9,38,89.0,5.44,89.0,0.7,89.838296,11556763.0,11.2,11.1,0.422,6.6
New Zealand,2014,Developed,67.0,0,9.07,1040.278436,93.0,280,66.9,0,93.0,11.3,93.0,0.1,4453.24673,,0.4,0.3,0.91,19.2
Myanmar,2008,Developing,296.0,59,0.3,9.53048032,85.0,333,18.3,96,85.0,1.87,85.0,0.6,643.951373,49479752.0,13.2,13.4,0.493,8.2
Togo,2001,Developing,345.0,14,0.95,2.048574874,,1833,17.1,22,51.0,4.29,5.0,5.3,26.6394652,511177.0,9.2,9.1,0.426,9.4
Antigua and Barbuda,2009,Developing,14.0,0,7.82,149.3587355,98.0,0,43.8,0,98.0,4.86,99.0,0.1,1312.46692,,3.4,3.3,0.788,14.2
Cuba,2003,Developing,18.0,1,4.39,60.34145124,99.0,0,52.1,1,98.0,6.31,72.0,0.1,3192.669378,,3.5,3.3,0.694,12.9
India,2014,Developing,184.0,957,3.07,86.52153895,79.0,79563,18.1,1200,84.0,4.69,85.0,0.2,1573.11889,1293859294.0,26.8,27.4,0.607,11.6
Namibia,2004,Developing,483.0,3,4.8,368.2848258,,4,27.2,4,81.0,6.47,81.0,24.0,3288.257373,29228.0,13.7,13.7,0.559,11.7
Afghanistan,2005,Developing,291.0,85,0.02,1.388647732,66.0,1296,14.2,118,58.0,8.7,58.0,0.1,25.2941299,257798.0,19.3,19.5,0.396,7.9
Sri Lanka,2010,Developing,138.0,3,2.31,191.7267589,99.0,79,19.8,4,99.0,3.43,99.0,0.1,2819.511161,2119.0,15.3,15.3,0.739,13.5
Japan,2012,Developed,58.0,2,7.39,121.5869163,,228,27.8,3,99.0,1.17,97.0,0.1,4863.47665,127629.0,1.9,1.7,0.889,15.3
Mongolia,2014,Developing,225.0,1,0.01,281.0023992,99.0,0,51.5,1,99.0,4.73,99.0,0.1,4181.583321,2923896.0,2.2,2.3,0.729,14.8
Somalia,2010,Developing,336.0,52,0.01,0.0,,115,22.0,83,49.0,,45.0,0.8,,,7.0,6.8,,
Iceland,2011,Developed,51.0,0,8.13,7.0480925,,0,59.3,0,95.0,8.65,95.0,0.1,46.217,31914.0,0.9,0.9,0.894,18.6
Sierra Leone,2005,Developing,48.0,30,3.83,42.08892911,,29,19.2,47,67.0,12.25,65.0,2.2,287.6891942,5658379.0,9.3,9.3,0.341,7.8
Costa Rica,2003,Developing,1.0,1,4.04,1070.268999,86.0,1,48.3,1,88.0,8.45,88.0,0.1,4167.71417,4125971.0,2.2,2.1,0.715,12.1
Djibouti,2015,Developing,241.0,1,,0.0,84.0,47,35.0,1,84.0,,84.0,2.1,1862.167274,927414.0,5.6,5.4,0.47,6.3
Iran (Islamic Republic of),2012,Developing,85.0,21,0.01,0.0,98.0,332,56.0,24,99.0,6.98,99.0,0.1,,,8.0,8.2,0.755,13.6
Cambodia,2003,Developing,268.0,21,1.44,55.59543946,,653,13.1,26,69.0,6.74,69.0,1.9,362.4213785,12853124.0,11.6,11.7,0.445,9.3
Iran (Islamic Republic of),2013,Developing,83.0,20,0.01,0.0,99.0,189,57.2,23,98.0,6.49,98.0,0.1,,,8.2,8.3,0.769,15.0
Comoros,2013,Developing,233.0,1,0.01,61.57443584,88.0,0,23.2,2,85.0,6.51,87.0,0.8,834.341949,7415.0,6.8,6.6,0.49,10.9
South Africa,2006,Developing,496.0,54,8.5,732.1255305,83.0,81,44.3,82,79.0,7.57,82.0,28.1,5631.73485,4823384.48,1.6,12.8,0.609,12.9
Honduras,2005,Developing,163.0,5,3.23,203.7134882,97.0,0,42.8,6,98.0,7.81,98.0,0.9,1311.741714,737343.0,2.5,2.4,0.577,10.6
Liberia,2008,Developing,281.0,10,3.88,40.03344077,64.0,1,23.4,14,79.0,11.83,75.0,2.4,232.61732,3662993.0,7.7,7.6,0.394,9.8
Mauritius,2005,Developing,168.0,0,3.94,479.9234077,97.0,7,28.0,0,97.0,4.47,97.0,0.1,5116.45424,1228254.0,7.7,7.6,0.704,13.0
Mexico,2000,Developing,129.0,55,4.99,10.22840118,97.0,30,52.4,66,97.0,4.98,97.0,0.1,672.92113,11719673.0,2.0,1.9,0.694,11.4
Nicaragua,2002,Developing,197.0,4,3.5,2.092343893,85.0,0,44.2,5,85.0,5.71,85.0,0.4,11.147277,5171734.0,2.2,2.1,0.577,10.7
Equatorial Guinea,2008,Developing,338.0,3,8.34,1705.678619,,436,21.3,4,55.0,2.31,42.0,6.3,22742.38159,868418.0,9.3,9.3,0.592,9.1
Qatar,2011,Developing,74.0,0,1.16,4409.17067,93.0,101,66.5,0,92.0,1.93,93.0,0.1,85948.746,,5.1,4.6,0.827,12.4
Cabo Verde,2006,Developing,129.0,0,4.25,26.45133197,95.0,0,24.9,0,97.0,5.11,96.0,0.6,234.28992,48795.0,8.3,8.3,0.596,11.9
Seychelles,2006,Developing,185.0,0,8.12,102.373909,99.0,10,3.7,0,99.0,3.73,99.0,0.1,1214.39987,846.0,5.9,6.3,0.728,13.1
Guinea,2001,Developing,336.0,36,0.17,19.89790929,,7408,16.9,58,52.0,3.65,5.0,3.0,315.83983,8971139.0,1.1,1.1,0.322,5.1
Uganda,2005,Developing,446.0,99,10.09,44.52614001,64.0,22,14.5,155,59.0,9.36,64.0,8.7,315.788227,2854394.0,6.5,6.5,0.429,10.9
Denmark,2006,Developed,93.0,0,11.02,850.9544783,,27,55.4,0,93.0,9.92,93.0,0.1,5226.99311,5437272.0,1.2,0.9,0.902,16.9
Bangladesh,2013,Developing,135.0,104,0.01,52.82986467,96.0,237,17.0,130,96.0,2.88,96.0,0.1,951.8894535,157571292.0,18.3,18.8,0.565,10.0
Togo,2013,Developing,287.0,14,0.01,48.73047089,84.0,564,23.1,20,84.0,5.12,84.0,1.5,579.43485,742948.0,6.8,6.6,0.47,12.0
Bahamas,2000,Developing,192.0,0,12.15,0.0,,0,54.4,0,91.0,5.21,99.0,0.1,,,2.7,2.6,0.0,12.0
Bahamas,2010,Developing,161.0,0,9.19,0.0,98.0,0,61.3,0,97.0,7.44,99.0,0.2,,,2.5,2.5,0.788,12.6
El Salvador,2000,Developing,218.0,4,2.79,353.6690328,99.0,0,45.3,5,98.0,8.17,99.0,0.4,2238.4116,5867626.0,2.1,2.0,0.607,11.3
Madagascar,2014,Developing,225.0,29,0.01,5.339065673,73.0,3,2.0,39,73.0,3.4,73.0,0.3,452.4631926,2358981.0,7.2,7.1,0.509,10.3
Mozambique,2001,Developing,48.0,90,2.09,37.82511936,25.0,7085,16.9,132,72.0,5.64,73.0,13.4,256.4414872,18588758.0,4.1,4.0,0.298,5.8
Thailand,2011,Developing,155.0,10,6.07,748.4451054,98.0,3156,29.0,11,99.0,4.12,99.0,0.2,5491.159981,675313.0,8.1,8.2,0.72,13.3
